Ref,Val,Package,PosX,PosY,Rot,Side
"C1","100nF100V X7R","C_0805_2012Metric",77.000000,-97.000000,90.000000,top
"C2","1uF25V X7R","C_1206_3216Metric",72.000000,-95.000000,0.000000,top
"C4","1nF50V5% C0G","C_0805_2012Metric",71.000000,-98.900000,0.000000,top
"C5","1nF50V5% C0G","C_0805_2012Metric",74.200000,-99.900000,90.000000,top
"C6","1nF50V5% C0G","C_0805_2012Metric",64.000000,-102.000000,90.000000,top
"C7","1nF50V5% C0G","C_0805_2012Metric",60.000000,-102.000000,90.000000,top
"C8","100nF100V X7R","C_0805_2012Metric",174.000000,-92.000000,0.000000,top
"C9","4.7uF25V X7R","C_1206_3216Metric",179.000000,-102.000000,0.000000,top
"C11","1nF50V5% C0G","C_0805_2012Metric",174.000000,-98.500000,-90.000000,top
"C12","1nF50V5% C0G","C_0805_2012Metric",175.000000,-95.200000,0.000000,top
"C13","1nF50V5% C0G","C_0805_2012Metric",166.000000,-108.000000,90.000000,top
"C20","22nF50V5% C0G","C_0805_2012Metric",34.000000,-179.000000,90.000000,top
"C21","100nF100V X7R","C_0805_2012Metric",35.000000,-169.000000,0.000000,top
"C22","1uF100V X7R","C_1210_3225Metric",46.000000,-171.000000,90.000000,top
"C25","22nF50V5% C0G","C_0805_2012Metric",84.000000,-179.000000,90.000000,top
"C26","100nF100V X7R","C_0805_2012Metric",85.000000,-169.000000,0.000000,top
"C27","1uF100V X7R","C_1210_3225Metric",96.000000,-171.000000,90.000000,top
"C28","10nF50V5% C0G","C_0805_2012Metric",146.000000,-104.000000,90.000000,top
"C29","4.7uF25V X7R","C_1206_3216Metric",179.000000,-106.000000,0.000000,top
"C30","100nF100V X7R","C_0805_2012Metric",197.000000,-93.000000,0.000000,top
"C31","1nF50V5% C0G","C_0805_2012Metric",192.000000,-100.000000,90.000000,top
"C200","100n","C_0805_2012Metric",28.000000,-194.000000,180.000000,top
"C201","1u","C_0805_2012Metric",40.800000,-197.000000,0.000000,top
"C202","10n","C_0805_2012Metric",29.000000,-217.000000,90.000000,top
"C203","22n","C_0805_2012Metric",67.000000,-223.000000,180.000000,top
"C204","1u","C_0805_2012Metric",76.000000,-216.000000,0.000000,top
"C205","100n","C_0805_2012Metric",255.649999,-235.990000,0.000000,top
"C206","100n","C_0805_2012Metric",35.000000,-81.000000,0.000000,top
"C207","100n","C_0805_2012Metric",76.800000,-150.300000,180.000000,top
"C208","100n","C_0805_2012Metric",48.475000,-242.904999,0.000000,top
"C209","100n","C_0805_2012Metric",102.037500,-240.050000,0.000000,top
"C210","100n","C_0805_2012Metric",37.037500,-194.050000,0.000000,top
"C211","100n","C_0805_2012Metric",66.962500,-218.025000,180.000000,top
"C212","100n","C_0805_2012Metric",51.837500,-195.000000,0.000000,top
"C213","100n","C_0805_2012Metric",52.300000,-208.250000,0.000000,top
"C214","100n","C_0805_2012Metric",63.300000,-208.250000,0.000000,top
"C215","100n","C_0805_2012Metric",34.037500,-220.050000,0.000000,top
"C216","100n","C_0805_2012Metric",97.037500,-231.000000,0.000000,top
"C217","100n","C_0805_2012Metric",112.037500,-218.050000,0.000000,top
"C218","100n","C_0805_2012Metric",139.300000,-215.250000,0.000000,top
"C219","100n","C_0805_2012Metric",127.300000,-202.250000,0.000000,top
"C220","100n","C_0805_2012Metric",149.037500,-229.000000,0.000000,top
"C221","100n","C_0805_2012Metric",102.837499,-151.000000,0.000000,top
"C222","100n","C_0805_2012Metric",200.300000,-209.250000,0.000000,top
"C223","100n","C_0805_2012Metric",167.037500,-220.000000,0.000000,top
"C224","100n","C_0805_2012Metric",179.037500,-233.000000,0.000000,top
"C225","100n","C_0805_2012Metric",182.037500,-210.000000,0.000000,top
"C226","100n","C_0805_2012Metric",208.700000,-238.025000,180.000000,top
"C227","100n","C_0805_2012Metric",138.037500,-194.050000,0.000000,top
"C228","100n","C_0805_2012Metric",190.037500,-233.000000,0.000000,top
"C229","100n","C_0805_2012Metric",119.300000,-232.250000,0.000000,top
"C230","100n","C_0805_2012Metric",133.037500,-232.050000,0.000000,top
"C231","100n","C_0805_2012Metric",142.037500,-233.000000,0.000000,top
"C232","100n","C_0805_2012Metric",139.037500,-204.050000,0.000000,top
"C233","100n","C_0805_2012Metric",43.037500,-220.050000,0.000000,top
"C234","100n","C_0805_2012Metric",142.762500,-170.050000,0.000000,top
"C235","100n","C_0805_2012Metric",199.037500,-224.050000,0.000000,top
"C236","100n","C_0805_2012Metric",37.525000,-241.635000,180.000000,top
"C237","10u","C_0805_2012Metric",75.000000,-156.000000,90.000000,top
"C238","10u","C_0805_2012Metric",90.000000,-148.000000,0.000000,top
"C239","10u","C_0805_2012Metric",260.000000,-234.000000,90.000000,top
"C240","100n","C_0805_2012Metric",259.000000,-226.000000,0.000000,top
"C241","100n","C_0805_2012Metric",35.000000,-78.200000,-90.000000,top
"C242","10n","C_0805_2012Metric",37.000000,-84.000000,0.000000,top
"C243","10n","C_0805_2012Metric",191.000000,-223.000000,90.000000,top
"C245","1n","C_1206_3216Metric",21.000000,-254.000000,0.000000,top
"C247","1n","C_0805_2012Metric",125.000000,-166.000000,0.000000,top
"C248","100n","C_0805_2012Metric",131.000000,-167.000000,0.000000,top
"C249","1n","C_0805_2012Metric",125.000000,-175.000000,0.000000,top
"C250","100n","C_0805_2012Metric",133.000000,-178.000000,0.000000,top
"C251","100n","C_0805_2012Metric",145.000000,-174.000000,0.000000,top
"C252","100n","C_0805_2012Metric",74.000000,-62.000000,0.000000,top
"C253","100n","C_0805_2012Metric",171.000000,-84.000000,0.000000,top
"C254","1u","C_0805_2012Metric",89.000000,-205.000000,90.000000,top
"C255","100n","C_0805_2012Metric",98.037500,-202.050000,0.000000,top
"C256","100n","C_0805_2012Metric",114.037500,-203.000000,0.000000,top
"C257","100n","C_0805_2012Metric",88.037500,-218.050000,0.000000,top
"C258","100n","C_0805_2012Metric",215.762500,-219.050000,0.000000,top
"C300","1uF 100V","C_1206_3216Metric",224.500000,-166.000000,90.000000,top
"C301","10uF 25V","C_1210_3225Metric",212.500000,-165.000000,0.000000,top
"C302","100nF 50V","C_0603_1608Metric",204.500000,-172.000000,0.000000,top
"C303","1uF 25V","C_0805_2012Metric",205.500000,-177.000000,0.000000,top
"C304","100nF 50V","C_0603_1608Metric",175.500000,-183.000000,0.000000,top
"C305","100pF 50V C0G","C_0603_1608Metric",176.500000,-172.000000,0.000000,top
"C306","100pF 50V C0G","C_0603_1608Metric",166.500000,-183.000000,0.000000,top
"C307","100nF 50V","C_0603_1608Metric",200.500000,-199.000000,90.000000,top
"C308","100nF 50V","C_0603_1608Metric",245.000000,-159.000000,-90.000000,top
"C309","1uF 25V","C_0805_2012Metric",248.000000,-159.000000,-90.000000,top
"C310","100nF 50V","C_0603_1608Metric",259.000000,-222.000000,0.000000,top
"C311","100nF 50V","C_0603_1608Metric",208.500000,-190.000000,0.000000,top
"D1","43V bidirectional low-clamp TVS","PTVS1_DFN8x6",35.000000,-70.000000,90.000000,top
"D2","43V bidirectional low-clamp TVS","PTVS1_DFN8x6",108.000000,-85.000000,90.000000,top
"D40","ESD2CAN24DBZRQ1","SOT-23",25.000000,-241.000000,90.000000,top
"D60","43V standoff TVS 1500W","D_SMC",255.000000,-212.000000,0.000000,top
"D61","43V drain spike clamp","D_SMC",225.000000,-189.000000,-90.000000,top
"D62","15V gate clamp","D_SOD-123F",246.000000,-174.000000,-90.000000,top
"D64","LDO reverse discharge path","D_SOD-323",218.500000,-160.000000,0.000000,top
"D65","Analog fault OR","D_SOD-323",162.500000,-201.000000,90.000000,top
"D66","Analog fault OR","D_SOD-323",166.500000,-201.000000,90.000000,top
"J16","CAN backbone IN","JST_GH_BM04B-GHS-TBT_1x04-1MP_P1.25mm_Vertical",35.000000,-250.000000,0.000000,top
"J17","CAN backbone OUT","JST_GH_BM04B-GHS-TBT_1x04-1MP_P1.25mm_Vertical",50.000000,-250.000000,0.000000,top
"Q1","100V N-MOS .99mR@25C/2.3mR@175C 10V","CCPAK1212_SOT8000A",60.000000,-30.000000,90.000000,top
"Q2","100V N-MOS .99mR@25C/2.3mR@175C 10V","CCPAK1212_SOT8000A",60.000000,-55.000000,90.000000,top
"Q3","100V N-MOS .99mR@25C/2.3mR@175C 10V","CCPAK1212_SOT8000A",60.000000,-80.000000,90.000000,top
"Q4","100V N-MOS .99mR@25C/2.3mR@175C 10V","CCPAK1212_SOT8000A",90.000000,-30.000000,-90.000000,top
"Q5","100V N-MOS .99mR@25C/2.3mR@175C 10V","CCPAK1212_SOT8000A",90.000000,-55.000000,-90.000000,top
"Q6","100V N-MOS .99mR@25C/2.3mR@175C 10V","CCPAK1212_SOT8000A",90.000000,-80.000000,-90.000000,top
"Q7","100V N-MOS .99mR@25C/2.3mR@175C 10V","CCPAK1212_SOT8000A",155.000000,-35.000000,90.000000,top
"Q8","100V N-MOS .99mR@25C/2.3mR@175C 10V","CCPAK1212_SOT8000A",155.000000,-70.000000,90.000000,top
"Q9","100V N-MOS .99mR@25C/2.3mR@175C 10V","CCPAK1212_SOT8000A",185.000000,-35.000000,-90.000000,top
"Q10","100V N-MOS .99mR@25C/2.3mR@175C 10V","CCPAK1212_SOT8000A",185.000000,-70.000000,-90.000000,top
"Q11","Remote temperature diode","SOT-23",175.000000,-76.000000,0.000000,top
"Q20","BSS138BK,215","SOT-23",145.000000,-216.000000,0.000000,top
"Q21","BSS138BK,215","SOT-23",90.000000,-241.000000,0.000000,top
"Q40","100V chopper NMOS","Infineon_PG-HSOF-8-1",237.000000,-176.000000,-90.000000,top
"Q41","NTC healthy enables driver","SOT-23",233.000000,-157.000000,-90.000000,top
"Q42","Chopper gate status isolation driver","SOT-23",163.500000,-191.000000,0.000000,top
"Q43","Qualified fault LED power","SOT-23",164.500000,-207.000000,0.000000,top
"Q44","Qualified local enable","SOT-23",207.500000,-208.000000,0.000000,top
"R1","10R 1%","R_0805_2012Metric",66.650000,-38.500000,90.000000,top
"R2","10R 1%","R_0805_2012Metric",66.650000,-63.500000,90.000000,top
"R3","10R 1%","R_0805_2012Metric",66.650000,-88.500000,90.000000,top
"R4","10R 1%","R_0805_2012Metric",83.350000,-21.500000,90.000000,top
"R5","10R 1%","R_0805_2012Metric",83.350000,-46.500000,90.000000,top
"R6","10R 1%","R_0805_2012Metric",83.350000,-71.500000,90.000000,top
"R7","10R 1%","R_0805_2012Metric",161.650000,-43.500000,90.000000,top
"R8","10R 1%","R_0805_2012Metric",161.650000,-78.500000,90.000000,top
"R9","10R 1%","R_0805_2012Metric",178.350000,-26.500000,90.000000,top
"R10","10R 1%","R_0805_2012Metric",178.350000,-61.500000,90.000000,top
"R11","10M 1%","R_0805_2012Metric",70.150000,-38.500000,90.000000,top
"R12","10M 1%","R_0805_2012Metric",70.150000,-63.500000,90.000000,top
"R13","10M 1%","R_0805_2012Metric",70.150000,-88.500000,90.000000,top
"R14","10M 1%","R_0805_2012Metric",79.850000,-21.500000,90.000000,top
"R15","10M 1%","R_0805_2012Metric",79.850000,-46.500000,90.000000,top
"R16","10M 1%","R_0805_2012Metric",79.850000,-71.500000,90.000000,top
"R17","10M 1%","R_0805_2012Metric",165.150000,-43.500000,90.000000,top
"R18","10M 1%","R_0805_2012Metric",165.150000,-78.500000,90.000000,top
"R19","10M 1%","R_0805_2012Metric",174.850000,-26.500000,90.000000,top
"R20","10M 1%","R_0805_2012Metric",174.850000,-61.500000,90.000000,top
"R21","49R9 0.1% 25ppm/K","R_0805_2012Metric",67.700000,-97.500000,-90.000000,top
"R22","18K2 0.1% 25ppm/K","R_0805_2012Metric",62.000000,-109.000000,0.000000,top
"R23","3K65 0.1% 25ppm/K","R_0805_2012Metric",77.000000,-102.000000,-90.000000,top
"R24","100K 0.1% 25ppm/K","R_0805_2012Metric",68.000000,-110.000000,0.000000,top
"R25","523K 0.1% 25ppm/K","R_0805_2012Metric",59.000000,-96.000000,90.000000,top
"R26","10K1 0.1% 25ppm/K","R_0805_2012Metric",63.000000,-97.000000,90.000000,top
"R27","732K 0.1% 25ppm/K","R_0805_2012Metric",53.000000,-96.000000,90.000000,top
"R28","10K 0.1% 25ppm/K","R_0805_2012Metric",57.000000,-102.000000,90.000000,top
"R29","1M 1%","R_0805_2012Metric",65.000000,-106.000000,90.000000,top
"R30","100R 0.1% 25ppm/K","R_0805_2012Metric",179.000000,-99.000000,90.000000,top
"R31","39K7 0.1% 25ppm/K","R_0805_2012Metric",162.000000,-103.000000,90.000000,top
"R32","2K74 0.1% 25ppm/K","R_0805_2012Metric",179.000000,-93.000000,90.000000,top
"R33","100K 0.1% 25ppm/K","R_0805_2012Metric",162.000000,-108.000000,0.000000,top
"R34","180K 1%","R_0805_2012Metric",177.000000,-110.000000,0.000000,top
"R35","226K 0.1% 25ppm/K","R_0805_2012Metric",155.000000,-92.000000,90.000000,top
"R36","10K 0.1% 25ppm/K","R_0805_2012Metric",161.000000,-92.000000,90.000000,top
"R39","100K 1%","R_0805_2012Metric",161.000000,-97.000000,90.000000,top
"R40","6K04 0.1% 25ppm/K","R_0805_2012Metric",36.000000,-183.000000,90.000000,top
"R41","191K 0.1% 25ppm/K","R_0805_2012Metric",27.000000,-171.000000,90.000000,top
"R42","10K 0.1% 25ppm/K","R_0805_2012Metric",31.000000,-175.000000,90.000000,top
"R43","374K 0.1% 25ppm/K","R_0805_2012Metric",23.000000,-171.000000,90.000000,top
"R44","10K 0.1% 25ppm/K","R_0805_2012Metric",27.000000,-178.000000,90.000000,top
"R45","1M 1%","R_0805_2012Metric",24.000000,-185.000000,90.000000,top
"R46","68K 1%","R_0805_2012Metric",28.000000,-185.000000,90.000000,top
"R47","191K 0.1% 25ppm/K","R_0805_2012Metric",50.000000,-171.000000,90.000000,top
"R48","10K 0.1% 25ppm/K","R_0805_2012Metric",50.000000,-176.000000,90.000000,top
"R50","9K09 0.1% 25ppm/K","R_0805_2012Metric",86.000000,-183.000000,90.000000,top
"R51","191K 0.1% 25ppm/K","R_0805_2012Metric",77.000000,-171.000000,90.000000,top
"R52","10K 0.1% 25ppm/K","R_0805_2012Metric",81.000000,-175.000000,90.000000,top
"R53","374K 0.1% 25ppm/K","R_0805_2012Metric",73.000000,-171.000000,90.000000,top
"R54","10K 0.1% 25ppm/K","R_0805_2012Metric",77.000000,-178.000000,90.000000,top
"R55","1M 1%","R_0805_2012Metric",74.000000,-185.000000,90.000000,top
"R56","68K 1%","R_0805_2012Metric",78.000000,-185.000000,90.000000,top
"R57","191K 0.1% 25ppm/K","R_0805_2012Metric",100.000000,-171.000000,90.000000,top
"R58","10K 0.1% 25ppm/K","R_0805_2012Metric",100.000000,-176.000000,90.000000,top
"R59","10K 0.1% 25ppm/K","R_0805_2012Metric",155.000000,-104.000000,90.000000,top
"R60","20K 0.1% 25ppm/K","R_0805_2012Metric",152.000000,-104.000000,90.000000,top
"R61","10K 0.1% 25ppm/K","R_0805_2012Metric",149.000000,-104.000000,90.000000,top
"R62","226K 0.1% 25ppm/K","R_0805_2012Metric",203.000000,-96.000000,90.000000,top
"R63","10K 0.1% 25ppm/K","R_0805_2012Metric",203.000000,-101.000000,90.000000,top
"R64","200R 0.1% 25ppm/K","R_0805_2012Metric",57.000000,-109.000000,0.000000,top
"R200","4.99k","R_2010_5025Metric",22.000000,-192.000000,90.000000,top
"R201","4.99k","R_2010_5025Metric",22.000000,-201.000000,90.000000,top
"R202","174k","R_0805_2012Metric",37.000000,-200.000000,0.000000,top
"R203","100k","R_0805_2012Metric",33.000000,-204.000000,0.000000,top
"R204","100k","R_0805_2012Metric",25.000000,-215.000000,90.000000,top
"R205","1k","R_0805_2012Metric",25.000000,-221.000000,0.000000,top
"R206","47k","R_0805_2012Metric",77.000000,-224.000000,90.000000,top
"R207","1M","R_0805_2012Metric",84.000000,-224.000000,90.000000,top
"R208","120k","R_0805_2012Metric",89.000000,-235.000000,180.000000,top
"R209","1M","R_0805_2012Metric",98.000000,-227.000000,90.000000,top
"R210","887k","R_0805_2012Metric",99.000000,-235.000000,0.000000,top
"R211","10k","R_0805_2012Metric",100.000000,-216.000000,0.000000,top
"R212","100k","R_0805_2012Metric",103.000000,-219.000000,90.000000,top
"R213","10k","R_0805_2012Metric",116.000000,-222.000000,0.000000,top
"R214","100k","R_0805_2012Metric",121.000000,-220.000000,90.000000,top
"R215","47k","R_0805_2012Metric",129.000000,-192.000000,90.000000,top
"R216","10k","R_0805_2012Metric",145.000000,-236.000000,90.000000,top
"R217","10k","R_0805_2012Metric",94.000000,-151.000000,90.000000,top
"R218","1k","R_0805_2012Metric",104.000000,-155.000000,0.000000,top
"R219","100k","R_0805_2012Metric",257.000000,-230.000000,90.000000,top
"R220","10k","R_0805_2012Metric",231.000000,-221.000000,0.000000,top
"R221","10k","R_0805_2012Metric",241.000000,-215.000000,0.000000,top
"R222","100k","R_0805_2012Metric",239.000000,-210.000000,90.000000,top
"R223","10","R_0805_2012Metric",38.000000,-76.500000,-90.000000,top
"R224","10","R_0805_2012Metric",42.000000,-77.900000,-90.000000,top
"R225","10","R_0805_2012Metric",41.000000,-81.000000,180.000000,top
"R226","4.7k","R_0805_2012Metric",233.000000,-215.000000,90.000000,top
"R227","4.7k","R_0805_2012Metric",235.700000,-215.000000,90.000000,top
"R228","10k","R_0805_2012Metric",28.000000,-86.000000,90.000000,top
"R229","10k","R_0805_2012Metric",157.000000,-216.000000,90.000000,top
"R230","10k","R_0805_2012Metric",157.000000,-220.000000,90.000000,top
"R231","10k","R_0805_2012Metric",164.000000,-214.000000,0.000000,top
"R232","10k","R_0805_2012Metric",168.000000,-214.000000,0.000000,top
"R233","10k","R_0805_2012Metric",218.000000,-236.000000,90.000000,top
"R234","100k","R_0805_2012Metric",183.000000,-227.000000,90.000000,top
"R235","100k","R_0805_2012Metric",191.000000,-206.000000,90.000000,top
"R236","100k","R_0805_2012Metric",218.000000,-241.000000,90.000000,top
"R237","10k","R_0805_2012Metric",190.000000,-239.000000,90.000000,top
"R238","100k","R_0805_2012Metric",189.000000,-227.000000,90.000000,top
"R239","1k","R_0805_2012Metric",188.000000,-221.000000,0.000000,top
"R240","1k","R_0805_2012Metric",200.000000,-215.000000,0.000000,top
"R241","10k","R_0805_2012Metric",37.000000,-238.000000,90.000000,top
"R242","10k","R_0805_2012Metric",49.000000,-235.000000,90.000000,top
"R245","1M","R_0805_2012Metric",21.000000,-250.000000,0.000000,top
"R246","10k","R_0805_2012Metric",95.000000,-237.000000,90.000000,top
"R247","100k","R_0805_2012Metric",93.000000,-245.000000,0.000000,top
"R248","330","R_0805_2012Metric",103.000000,-243.000000,0.000000,top
"R249","100k","R_0805_2012Metric",111.000000,-244.000000,90.000000,top
"R250","100k","R_0805_2012Metric",117.000000,-156.000000,90.000000,top
"R251","100k","R_0805_2012Metric",117.000000,-161.000000,90.000000,top
"R252","10k","R_0805_2012Metric",121.000000,-164.000000,90.000000,top
"R253","100k","R_0805_2012Metric",130.000000,-170.000000,90.000000,top
"R254","100k","R_0805_2012Metric",117.000000,-180.000000,90.000000,top
"R255","100k","R_0805_2012Metric",117.000000,-175.000000,90.000000,top
"R256","10k","R_0805_2012Metric",121.000000,-173.000000,90.000000,top
"R257","100k","R_0805_2012Metric",129.000000,-176.000000,90.000000,top
"R258","100k","R_0805_2012Metric",145.000000,-178.000000,90.000000,top
"R259","100k","R_0805_2012Metric",146.000000,-165.000000,90.000000,top
"R260","10k","R_0805_2012Metric",74.000000,-59.000000,0.000000,top
"R261","10k","R_0805_2012Metric",169.000000,-80.000000,0.000000,top
"R262","4.7k","R_0805_2012Metric",88.000000,-200.000000,90.000000,top
"R263","100k","R_0805_2012Metric",204.000000,-216.000000,90.000000,top
"R264","100k","R_0805_2012Metric",204.000000,-224.000000,90.000000,top
"R300","75.0k 0.1%","R_0805_2012Metric",213.500000,-172.000000,90.000000,top
"R301","10.0k 0.1%","R_0805_2012Metric",213.500000,-176.000000,90.000000,top
"R302","160k 0.1%","R_0805_2012Metric",186.500000,-167.000000,0.000000,top
"R303","1.40k 0.1%","R_0805_2012Metric",182.500000,-172.000000,90.000000,top
"R304","10.0k 0.1%","R_0805_2012Metric",177.500000,-169.000000,90.000000,top
"R305","1.00M 0.1%","R_0805_2012Metric",230.000000,-164.000000,0.000000,top
"R306","1.00M 0.1%","R_0805_2012Metric",222.000000,-162.000000,0.000000,top
"R307","10.0k 0.1%","R_0805_2012Metric",169.500000,-171.000000,90.000000,top
"R308","174k 0.1%","R_0805_2012Metric",165.500000,-177.000000,90.000000,top
"R309","10.0k 0.1%","R_0805_2012Metric",170.500000,-181.000000,90.000000,top
"R310","10.0k 0.1%","R_0805_2012Metric",165.500000,-172.000000,0.000000,top
"R311","10.0k 0.1%","R_0805_2012Metric",200.500000,-194.000000,0.000000,top
"R312","90.9k 0.1%","R_0805_2012Metric",183.500000,-186.000000,0.000000,top
"R313","10.0k 0.1%","R_0805_2012Metric",177.500000,-188.000000,0.000000,top
"R314","1.00k 0.1%","R_0805_2012Metric",190.500000,-187.000000,90.000000,top
"R315","100k 0.1%","R_0805_2012Metric",190.500000,-192.000000,90.000000,top
"R316","10.0k 0.1%","R_0805_2012Metric",169.500000,-188.000000,90.000000,top
"R317","100k 0.1%","R_0805_2012Metric",169.500000,-192.000000,90.000000,top
"R318","10.0k 0.1%","R_0805_2012Metric",235.500000,-163.000000,-90.000000,top
"R319","10.0 0.1%","R_0805_2012Metric",243.000000,-166.500000,-90.000000,top
"R320","2.20 1%","R_0805_2012Metric",240.400000,-166.500000,-90.000000,top
"R321","47.0k 0.1%","R_0805_2012Metric",246.000000,-170.000000,-90.000000,top
"R322","4.70k 0.1%","R_0805_2012Metric",160.500000,-207.000000,0.000000,top
"R323","4.70k 0.1%","R_0805_2012Metric",160.500000,-187.000000,0.000000,top
"R324","10.0k 0.1%","R_0805_2012Metric",264.000000,-231.000000,90.000000,top
"R325","117k 0.1%","R_0805_2012Metric",213.500000,-191.000000,90.000000,top
"R326","24.9k 0.1%","R_0805_2012Metric",213.500000,-195.000000,90.000000,top
"R327","10.0k 0.1%","R_0805_2012Metric",204.500000,-200.000000,90.000000,top
"R328","1.00k 0.1%","R_0805_2012Metric",206.500000,-204.000000,0.000000,top
"R329","100k 0.1%","R_0805_2012Metric",211.500000,-207.000000,0.000000,top
"R330","100k 0.1%","R_0805_2012Metric",197.500000,-206.000000,0.000000,top
"R331","690k 0.1%","R_0805_2012Metric",182.500000,-162.000000,90.000000,top
"R332","22.0k1% motion-bulk discharge","R_1206_3216Metric",223.000000,-212.000000,0.000000,top
"RSH1","0.5mR 1% four-terminal10W@70C terminal","CSS4J_4026_Kelvin",35.000000,-50.000000,0.000000,top
"RSH2","0.5mR 1% four-terminal10W@70C terminal","CSS4J_4026_Kelvin",125.000000,-50.000000,0.000000,top
"TH20","10k NTC B3380 1%","R_0603_1608Metric",73.000000,-55.000000,90.000000,top
"TH21","10k NTC B3380 1%","R_0603_1608Metric",169.000000,-70.000000,90.000000,top
"U1","LM74930-Q1","VQFN_RGE24_4x4_P0.5_EP_FLOAT",70.000000,-103.000000,0.000000,top
"U2","TPS48110-Q1","VSSOP_DGX19_3x5.1_P0.5_Missing16",169.000000,-99.000000,0.000000,top
"U3","TPS26631 eFuse latch-off","Texas_RGE0024H_VQFN-24-1EP_4x4mm_P0.5mm_EP2.7x2.7mm",40.000000,-176.000000,0.000000,top
"U4","TPS26631 eFuse latch-off","Texas_RGE0024H_VQFN-24-1EP_4x4mm_P0.5mm_EP2.7x2.7mm",90.000000,-176.000000,0.000000,top
"U5","Latched motion SYS undervoltage detector","SOT-23-6",197.000000,-99.000000,0.000000,top
"U10","ESP32-S3-WROOM-1-N8","ESP32-S3-WROOM-1",244.000000,-232.000000,180.000000,top
"U11","INA228AIDGSR","MSOP-10_3x3mm_P0.5mm",30.000000,-80.000000,0.000000,top
"U12","TLV1117LV33DCYR","SOT-223-3_TabPin2",83.000000,-148.000000,0.000000,top
"U13","TCAN1042HGVDRQ1","SOIC-8_3.9x4.9mm_P1.27mm",43.000000,-241.000000,0.000000,top
"U14","SN74AHCT1G125DBVR","SOT-23-5",98.000000,-241.000000,0.000000,top
"U15","LT3014BIS5#TRPBF","SOT-23-5",33.000000,-195.000000,0.000000,top
"U16","LTC2954ITS8-1#TRPBF","TSOT-23-8",71.000000,-219.000000,0.000000,top
"U17","TPS3839G33DBZR","SOT-23",48.000000,-195.000000,0.000000,top
"U18","SN74LVC1G74DCUR","VSSOP-8_2.3x2mm_P0.5mm",48.000000,-209.000000,0.000000,top
"U19","SN74LVC2G00DCUR","VSSOP-8_2.3x2mm_P0.5mm",59.000000,-209.000000,0.000000,top
"U20","SN74LVC1G14DBVR","SOT-23-5",30.000000,-221.000000,0.000000,top
"U21","LTC6993IS6-1#TRPBF","TSOT-23-6",93.000000,-231.000000,0.000000,top
"U22","SN74LVC1G32DBVR","SOT-23-5",108.000000,-219.000000,0.000000,top
"U23","SN74LVC1G74DCUR","VSSOP-8_2.3x2mm_P0.5mm",135.000000,-216.000000,0.000000,top
"U24","SN74LVC2G00DCUR","VSSOP-8_2.3x2mm_P0.5mm",123.000000,-203.000000,0.000000,top
"U25","SN74LVC1G11DBVR","SOT-23-6",145.000000,-229.000000,0.000000,top
"U26","TPS3839G33DBZR","SOT-23",99.000000,-151.000000,0.000000,top
"U27","SN74LVC1G74DCUR","VSSOP-8_2.3x2mm_P0.5mm",196.000000,-210.000000,0.000000,top
"U28","SN74LVC1G11DBVR","SOT-23-6",163.000000,-220.000000,0.000000,top
"U29","SN74LVC1G11DBVR","SOT-23-6",175.000000,-233.000000,0.000000,top
"U30","100V LDO, nominal 10V","Texas_DGN0008B_VSSOP-8-1EP_3x3mm_P0.65mm_EP2x3mm_Mask1.88x1.98mm_ThermalVias",218.500000,-171.000000,0.000000,top
"U31","2.5V high-grade reference","SOIC-8_3.9x4.9mm_P1.27mm",199.500000,-177.000000,180.000000,top
"U32","Independent analog chopper/OV/NTC window","TSSOP-14_4.4x5mm_P0.65mm",175.500000,-177.000000,0.000000,top
"U33","4A source/8A sink driver","SOT-23-6",241.000000,-162.000000,90.000000,top
"U34","Isolated analog fault","SSOP-4_4.4x2.6mm_P1.27mm",154.500000,-203.000000,0.000000,top
"U35","Isolated chopper active","SSOP-4_4.4x2.6mm_P1.27mm",154.500000,-191.000000,0.000000,top
"U36","Reference qualification 12..28ms","SOT-23-6",208.500000,-195.000000,0.000000,top
"U50","SN74LVC1G11DBVR","SOT-23-6",178.000000,-210.000000,0.000000,top
"U51","TPS3431SDRBR","TI_DRB0008A_3x3mm_EP1.5x1.75",213.000000,-239.000000,0.000000,top
"U53","SN74LVC1G14DBVR","SOT-23-5",134.000000,-195.000000,0.000000,top
"U54","SN74LVC1G11DBVR","SOT-23-6",186.000000,-233.000000,0.000000,top
"U55","SN74LVC1G74DCUR","VSSOP-8_2.3x2mm_P0.5mm",115.000000,-233.000000,0.000000,top
"U56","SN74LVC1G14DBVR","SOT-23-5",129.000000,-233.000000,0.000000,top
"U57","SN74LVC1G11DBVR","SOT-23-6",138.000000,-233.000000,0.000000,top
"U58","SN74LVC1G32DBVR","SOT-23-5",135.000000,-205.000000,0.000000,top
"U59","SN74LVC1G14DBVR","SOT-23-5",39.000000,-221.000000,0.000000,top
"U60","TMUX1511PWR","TSSOP-14_4.4x5mm_P0.65mm",137.000000,-172.000000,0.000000,top
"U61","SN74LVC1G17DBVR","SOT-23-5",195.000000,-225.000000,0.000000,top
"U62","SN74LVC1G17DBVR","SOT-23-5",94.000000,-203.000000,0.000000,top
"U63","SN74LVC1G11DBVR","SOT-23-6",110.000000,-203.000000,0.000000,top
"U64","SN74LVC1G17DBVR","SOT-23-5",84.000000,-219.000000,0.000000,top
"U65","TMUX1511PWR","TSSOP-14_4.4x5mm_P0.65mm",210.000000,-221.000000,0.000000,top
