references,quantity_positions,quantity_required,unit,mpn,manufacturer,footprint,descriptions,ratings,dnp,population,lifecycle,source_urls,evidence_documents,alternatives,order_code_review,supplier_stock_verified,stock_status,notes,sheets,state
J7; J8; J9; J10; J11; J12; J14; J15,8,8,each,1776508,Phoenix Contact,"Connector_Phoenix_MSTB:PhoenixContact_MSTB_2,5_2-GF-5,08_1x02_P5.08mm_Horizontal_ThreadedFlange",5V converter OUTPUT return; 5V logic-buck INPUT; 12V PC-buck INPUT; 24V lift-buck INPUT; Analog bank NTC; Drive 8A peak; External resistor bank; Telemetry bank NTC,2position5.08mm threaded-flange header;12A component rating; mate1777989,false,POPULATE,Manufacturer catalog/family evidence; exact lifecycle flag not independently established,https://www.phoenixcontact.com/en-us/products/pcb-header-mstb-25-2-gf-508-1776508,design/CHOPPER_PROCUREMENT.md,,Preserved exact source-record MPN; manufacturer evidence linked; supplier stock unverified,false,unverified_at_build,"12A header; mating screw-flanged plug1777989. 0.75mm2;3A input.; 12A header; mating screw-flanged plug1777989. 1.0mm2;2A provisional input.; 12A header; mating screw-flanged plug1777989. 1.0mm2;5A input to board; key separately fromJ10.; 12A header; mating screw-flanged plug1777989. 1.0mm2;5A provisional input.; 12A header; mating screw-flanged plug1777989. 1.5mm2 high-temp twisted pair; neither pin is ground.; 12A header; mating screw-flanged plug1777989. 1.5mm2 trunk.; 12A header; mating screw-flanged plug1777989. NTCLE100E3103GB0,10k2%; electrically insulated to hotter resistor chassis.; 12A header; mating screw-flanged plug1777989. Second NTCLE100E3103GB0; no shared sensor or local wiring withJ14. Grounds ultimately join at the systemstar.",09_connectors_testpoints,engineering_review_not_order_release
J13,1,0,each,1776508,Phoenix Contact,"Connector_Phoenix_MSTB:PhoenixContact_MSTB_2,5_2-GF-5,08_1x02_P5.08mm_Horizontal_ThreadedFlange",24V lift clamp DNP,2position5.08mm threaded-flange header;12A component rating; mate1777989,true,DNP,Manufacturer catalog/family evidence; exact lifecycle flag not independently established,https://www.phoenixcontact.com/en-us/products/pcb-header-mstb-25-2-gf-508-1776508,design/CHOPPER_PROCUREMENT.md,,Preserved exact source-record MPN; manufacturer evidence linked; supplier stock unverified,false,unverified_at_build,12A header; mating screw-flanged plug1777989. Sample external converter OUTPUT only; separately keyed.,09_connectors_testpoints,engineering_review_not_order_release
J18,1,1,each,1776511,Phoenix Contact,"Connector_Phoenix_MSTB:PhoenixContact_MSTB_2,5_3-GF-5,08_1x03_P5.08mm_Horizontal_ThreadedFlange",5V LED strip 5A,3position5.08mm threaded-flange header;12A component rating; mate1777992,false,POPULATE,Manufacturer catalog/family evidence; exact lifecycle flag not independently established,https://www.phoenixcontact.com/en-au/products/pcb-header-mstb-25-3-gf-508-1776511,design/CHOPPER_PROCUREMENT.md,,Preserved exact source-record MPN; manufacturer evidence linked; supplier stock unverified,false,unverified_at_build,"12A rated; mating1777992 screw-flanged plug. 1mm2 power/return;0.25mm2 data. LED return is LOGIC_5V_N direct broad copper toJ11.2/NT8; data reference meetsLOGIC_GND atsystemstar, never viaNT9 smallsignalneck.",09_connectors_testpoints,engineering_review_not_order_release
D64; D65; D66,3,3,each,1N4148WS-E3-08,Vishay,Diode_SMD:D_SOD-323,Analog fault OR; LDO reverse discharge path,Analog fault OR; LDO reverse discharge path,false,POPULATE,Manufacturer catalog/family evidence; exact lifecycle flag not independently established,https://www.vishay.com/docs/85751/1n4148ws.pdf,design/CHOPPER_PROCUREMENT.md,,Preserved exact source-record MPN; manufacturer evidence linked; supplier stock unverified,false,unverified_at_build,"Cathode1,anode2.",04_brake_chopper_p1,engineering_review_not_order_release
Q41; Q42,2,2,each,"2N7002,215",Nexperia,Package_TO_SOT_SMD:SOT-23,Chopper gate status isolation driver; NTC healthy enables driver,Chopper gate status isolation driver; NTC healthy enables driver,false,POPULATE,Manufacturer catalog/family evidence; exact lifecycle flag not independently established,https://assets.nexperia.com/documents/data-sheet/2N7002.pdf,design/CHOPPER_PROCUREMENT.md,,Preserved exact source-record MPN; manufacturer evidence linked; supplier stock unverified,false,unverified_at_build,,04_brake_chopper_p1,engineering_review_not_order_release
J1; J2; J3; J4; J5; J6,6,6,each,7461103,Wurth Elektronik,PMU:Wurth_7461103,Battery M5 160A class; Left arm + M5 160A class; Left arm return M5 160A class; Right arm + M5 160A class; Right arm return M5 160A class,M5 press-fit160A component class;2.2Nm maximum; no soldering; qualified finished holes and insertion,false,POPULATE,Manufacturer catalog/family evidence; exact lifecycle flag not independently established,https://www.we-online.com/components/products/datasheet/7461103.pdf,design/CHOPPER_PROCUREMENT.md,,Preserved exact source-record MPN; manufacturer evidence linked; supplier stock unverified,false,unverified_at_build,"All8 pins same potential; exact qualified press-fit drill; lug6mm2; insulated cover;2.2Nm maximum torque.; Same qualified M5 press-fit terminal as battery.4mm2 cable with M5 ring lug;25A prototype envelope,temperature validation. KDSP4/1 1714029 is an alternate requiring another footprint.",09_connectors_testpoints,engineering_review_not_order_release
J16; J17,2,2,each,BM04B-GHS-TBT(LF)(SN),JST,Connector_JST:JST_GH_BM04B-GHS-TBT_1x04-1MP_P1.25mm_Vertical,CAN backbone IN; CAN backbone OUT,CAN backbone IN; CAN backbone OUT,false,POPULATE,Manufacturer catalog/family evidence; exact lifecycle flag not independently established,https://www.jst-mfg.com/product/pdf/eng/eGH.pdf,design/CHOPPER_PROCUREMENT.md,,Preserved exact source-record MPN; manufacturer evidence linked; supplier stock unverified,false,unverified_at_build,Mating GHR-04V-S housing and SSHL-002T-P0.2 contacts. Linear CAN backbone; short parallel link across board; shield to CHASSIS strategy in CAN sheet.,09_connectors_testpoints,engineering_review_not_order_release
Q20; Q21,2,2,each,"BSS138BK,215",Nexperia,Package_TO_SOT_SMD:SOT-23,"BSS138BK,215","BSS138BK,215",false,POPULATE,Manufacturer active/production; verify before order [source-record observation],https://assets.nexperia.com/documents/data-sheet/BSS138BK.pdf,design/WAKE_IO.md,,Preserved exact source-record MPN; manufacturer evidence linked; supplier stock unverified,false,unverified_at_build,Main fault directly sinks KILL. Final main AND also disables LM before KILL blanking expires. Logic-level2.5V RDS(on)rating6.5ohmmax; below0.01V atsub-mAloads.; Only turns LED buffer on after valid switched3V3. Logic-level2.5V RDS(on)rating6.5ohmmax; below0.01V atsub-mAloads.,06a_aon_wake_p1; 08_can_led_io,engineering_review_not_order_release
Q43,1,1,each,"BSS84,215",Nexperia,Package_TO_SOT_SMD:SOT-23,Qualified fault LED power,Qualified fault LED power,false,POPULATE,Manufacturer catalog/family evidence; exact lifecycle flag not independently established,https://assets.nexperia.com/documents/data-sheet/BSS84.pdf,design/CHOPPER_PROCUREMENT.md,,Preserved exact source-record MPN; manufacturer evidence linked; supplier stock unverified,false,unverified_at_build,"PMOS gate1,source2,drain3. Body diode points from qualified rail to10V.",04_brake_chopper_p1,engineering_review_not_order_release
D62,1,1,each,"BZT52H-C15,115",Nexperia,Diode_SMD:D_SOD-123F,15V gate clamp,15V gate clamp,false,POPULATE,Manufacturer catalog/family evidence; exact lifecycle flag not independently established,https://assets.nexperia.com/documents/data-sheet/BZT52H_SER.pdf,design/CHOPPER_PROCUREMENT.md,,Preserved exact source-record MPN; manufacturer evidence linked; supplier stock unverified,false,unverified_at_build,Pin1 cathode.,04_brake_chopper_p1,engineering_review_not_order_release
C4; C5; C6; C7; C11; C12; C13; C31,8,8,each,C0805C102J5GACTU,KEMET (YAGEO Group),Capacitor_SMD:C_0805_2012Metric,1nF50V5% C0G,1nF50V5% C0G,false,POPULATE,Manufacturer catalog/family evidence; exact lifecycle flag not independently established,https://yageogroup.com/download/specsheet/C0805C102J5GACTU,design/POWER_STAGE.md,,Preserved exact source-record MPN; manufacturer evidence linked; supplier stock unverified,false,unverified_at_build,,02_main_switch_lm74930; 03_motion_gate_tps48110,engineering_review_not_order_release
C28,1,1,each,C0805C103J5GACTU,KEMET (YAGEO Group),Capacitor_SMD:C_0805_2012Metric,10nF50V5% C0G,10nF50V5% C0G,false,POPULATE,Manufacturer catalog/family evidence; exact lifecycle flag not independently established,https://yageogroup.com/download/specsheet/C0805C103J5GACTU,design/POWER_STAGE.md,,Preserved exact source-record MPN; manufacturer evidence linked; supplier stock unverified,false,unverified_at_build,,03_motion_gate_tps48110,engineering_review_not_order_release
C20; C25,2,2,each,C0805C223J5GACTU,KEMET (YAGEO Group),Capacitor_SMD:C_0805_2012Metric,22nF50V5% C0G,22nF50V5% C0G,false,POPULATE,Manufacturer catalog/family evidence; exact lifecycle flag not independently established,https://yageogroup.com/download/specsheet/C0805C223J5GACTU,design/POWER_STAGE.md,,Preserved exact source-record MPN; manufacturer evidence linked; supplier stock unverified,false,unverified_at_build,,05_pc_and_5v_efuses,engineering_review_not_order_release
C2,1,1,each,C1206C105K3RACTU,KEMET (YAGEO Group),Capacitor_SMD:C_1206_3216Metric,1uF25V X7R,1uF25V X7R,false,POPULATE,Manufacturer catalog/family evidence; exact lifecycle flag not independently established,https://yageogroup.com/download/specsheet/C1206C105K3RACTU,design/POWER_STAGE.md,,Preserved exact source-record MPN; manufacturer evidence linked; supplier stock unverified,false,unverified_at_build,,02_main_switch_lm74930,engineering_review_not_order_release
C9; C29,2,2,each,C1206C475K3RACTU,KEMET (YAGEO Group),Capacitor_SMD:C_1206_3216Metric,4.7uF25V X7R,4.7uF25V X7R,false,POPULATE,Manufacturer catalog/family evidence; exact lifecycle flag not independently established,https://yageogroup.com/download/specsheet/C1206C475K3RACTU,design/POWER_STAGE.md,,Preserved exact source-record MPN; manufacturer evidence linked; supplier stock unverified,false,unverified_at_build,"C9andC29 inparallel. YAGEOgeneratedspecsheet9/10/2026 p2 shows~40% DC-biasloss12V. Two partsretain~3.6uF with tolerance/temp/aging allowance, above2.156uF for1Vgatecharge droop.; Second populatedboostcapacitor; totalnominal9.4uF. Approx1.41s unladen12Vcharging at80uA. Motion remainsinhibitedthroughboot.",03_motion_gate_tps48110,engineering_review_not_order_release
C22; C27,2,2,each,C1210C105K1RACTU,KEMET (YAGEO Group),Capacitor_SMD:C_1210_3225Metric,1uF100V X7R,1uF100V X7R,false,POPULATE,Manufacturer catalog/family evidence; exact lifecycle flag not independently established,https://yageogroup.com/download/specsheet/C1210C105K1RACTU,design/POWER_STAGE.md,,Preserved exact source-record MPN; manufacturer evidence linked; supplier stock unverified,false,unverified_at_build,,05_pc_and_5v_efuses,engineering_review_not_order_release
C300,1,1,each,C3216X7R2A105K160AB,TDK,Capacitor_SMD:C_1206_3216Metric,1uF 100V,1uF 100V,false,POPULATE,Manufacturer catalog/family evidence; exact lifecycle flag not independently established,https://product.tdk.com/en/search/capacitor/ceramic/mlcc/info?part_no=C3216X7R2A105K160AB,design/CHOPPER_PROCUREMENT.md,,Preserved exact source-record MPN; manufacturer evidence linked; supplier stock unverified,false,unverified_at_build,,04_brake_chopper_p1,engineering_review_not_order_release
RSH1; RSH2,2,2,each,CSS4J-4026R-L500F,Bourns,PMU_RevA:CSS4J_4026_Kelvin,0.5mR 1% four-terminal10W@70C terminal,"0.5mOhm1%;four-terminal;10W at70C terminal;50W5s overload qualification, not arbitrary pulse rating",false,POPULATE,Manufacturer catalog/family evidence; exact lifecycle flag not independently established,https://www.bourns.com/docs/product-datasheets/css4j-4026.pdf,design/POWER_STAGE.md,"{""alternative_mpn"": ""CSS4J-4026R-L500FE"", ""class"": ""same_resistor_packaging_alternative"", ""electrical_compatibility_verified"": true, ""exact_order_code_source_url"": ""https://bourns.com/docs/technical-documents/product-change-notifications/N1902_CSS_CSM_EBW_PCN.pdf"", ""packaging"": ""E suffix mini7inchreel instead ofstandard13inchreel"", ""same_source"": true, ""selected_mpn"": ""CSS4J-4026R-L500F"", ""source_url"": ""https://www.bourns.com/docs/product-datasheets/css4j-4026.pdf""}",Preserved exact source-record MPN; manufacturer evidence linked; supplier stock unverified,false,unverified_at_build,"Footprint pad numbers are project-defined, not manufacturer lead numbers:1left-force,2left-sense,3right-sense,4right-force. Sense pads must stay separate from power copper until inside resistor.",02_main_switch_lm74930; 03_motion_gate_tps48110,engineering_review_not_order_release
C246,1,1,each,EEU-FR1A102,Panasonic,Capacitor_THT:CP_Radial_D10.0mm_P5.00mm,1000u 10V,1000u 10V,false,POPULATE,Standard catalog part; verify current orderability [source-record observation],https://industrial.panasonic.com/ww/products/pt/aluminum-cap-lead/models/EEUFR1A102,design/WAKE_IO.md,,Preserved exact source-record MPN; manufacturer evidence linked; supplier stock unverified,false,unverified_at_build,"AtLEDconnector; height20mm maximum assumed. ReturndirectlytoLOGIC_5V_N withJ18, bypassinglogicstarNT9.",06c_esp32_p1,engineering_review_not_order_release
C312; C313,2,2,each,EKYC101ELL471MK35S,Nippon Chemi-Con,Capacitor_THT:CP_Radial_D12.5mm_P5.00mm,470uF 100V20% high-ripple MOTION bulk,470uF100V20%;12.5mm dia35mm nominal length;5mm pitch;3.3Arms105C100kHz; pair required,false,POPULATE,In Production on manufacturer exact-part page; recheck at order,https://www.chemi-con.co.jp/en/products/detail-condenser.php?part_number=EKYC101ELL471MK35S,design/CHOPPER_PROCUREMENT.md,,Preserved exact source-record MPN; manufacturer evidence linked; supplier stock unverified,false,unverified_at_build,"Positive1,negative2;D12.5mm,L35mm(max36.5),lead0.6mm,pitch5mm. Two parts parallel:940uFnom/752uFmin at20C. Each3.3Arms100kHz105C;0.85factorat1kHz.25mohmmaxESR100kHz. Symmetrical short copper,vent clearance,mechanical restraint. Motion first enable on1Acurrent-limited source;no full-battery inrush proof.",04_brake_chopper_p1,engineering_review_not_order_release
D40,1,1,each,ESD2CAN24DBZRQ1,Texas Instruments,Package_TO_SOT_SMD:SOT-23,ESD2CAN24DBZRQ1,ESD2CAN24DBZRQ1,false,POPULATE,Manufacturer active/production; verify before order [source-record observation],https://www.ti.com/lit/ds/symlink/esd2can24-q1.pdf,design/WAKE_IO.md,,Preserved exact source-record MPN; manufacturer evidence linked; supplier stock unverified,false,unverified_at_build,"24V working-voltage transient clamp; protects ESD, NOT continuous42V miswire. Place atbackbone terminal, shortestreturn.",08_can_led_io,engineering_review_not_order_release
U10,1,1,each,ESP32-S3-WROOM-1-N8,Espressif Systems,RF_Module:ESP32-S3-WROOM-1,ESP32-S3-WROOM-1-N8,3.3V;8MB quad flash;noPSRAM;PCB antenna keepout,false,POPULATE,Active/production manufacturer listing; recheck at order [source-record observation],https://documentation.espressif.com/esp32-s3-wroom-1_wroom-1u_datasheet_en.pdf,design/WAKE_IO.md,,Preserved exact source-record MPN; manufacturer evidence linked; supplier stock unverified,false,unverified_at_build,"8 MB quad flash, no PSRAM, PCB antenna. GPIO0 recovery only; do not use GPIO3/45/46 straps. UART service header has no power injection.",06c_esp32_p1,engineering_review_not_order_release
C305; C306,2,2,each,GRM1885C1H101JA01D,Murata Manufacturing,Capacitor_SMD:C_0603_1608Metric,100pF 50V C0G,100pF 50V C0G,false,POPULATE,Manufacturer catalog/family evidence; exact lifecycle flag not independently established,https://www.murata.com/en-us/products/capacitor/ceramiccapacitor,design/CHOPPER_PROCUREMENT.md,,Preserved exact source-record MPN; manufacturer evidence linked; supplier stock unverified,false,unverified_at_build,,04_brake_chopper_p1,engineering_review_not_order_release
C302; C304; C307; C308; C310; C311,6,6,each,GRM188R71H104KA93D,Murata Manufacturing,Capacitor_SMD:C_0603_1608Metric,100nF 50V,100nF 50V,false,POPULATE,Manufacturer catalog/family evidence; exact lifecycle flag not independently established,https://www.murata.com/en-us/products/capacitor/ceramiccapacitor,design/CHOPPER_PROCUREMENT.md,,Preserved exact source-record MPN; manufacturer evidence linked; supplier stock unverified,false,unverified_at_build,,04_brake_chopper_p1,engineering_review_not_order_release
C247; C249,2,2,each,GRM21B5C1H102JA01L,Murata Manufacturing,Capacitor_SMD:C_0805_2012Metric,1n,1n,false,POPULATE,Standard catalog part; verify current orderability [source-record observation],https://www.murata.com/en-us/products/capacitor/mlcc,design/WAKE_IO.md,,Preserved exact source-record MPN; manufacturer evidence linked; supplier stock unverified,false,unverified_at_build,Before poweredoff switch,06c_esp32_p1,engineering_review_not_order_release
C203,1,1,each,GRM21B5C1H223JA01L,Murata Manufacturing,Capacitor_SMD:C_0805_2012Metric,22n,22n,false,POPULATE,Standard catalog part; verify current orderability [source-record observation],https://www.murata.com/en-us/products/capacitor/mlcc,design/WAKE_IO.md,,Preserved exact source-record MPN; manufacturer evidence linked; supplier stock unverified,false,unverified_at_build,50V C0G5%: nominal additional142ms; total~174ms,06a_aon_wake_p1,engineering_review_not_order_release
C237; C238; C239,3,3,each,GRM21BR61A106KE19L,Murata Manufacturing,Capacitor_SMD:C_0805_2012Metric,10u,10u,false,POPULATE,Standard catalog part; verify current orderability [source-record observation],https://www.murata.com/en-us/products/capacitor/mlcc,design/WAKE_IO.md,,Preserved exact source-record MPN; manufacturer evidence linked; supplier stock unverified,false,unverified_at_build,ESP local10uF; U12 input reservoir10V; U12 output reservoir10V,06c_esp32_p1,engineering_review_not_order_release
C205; C206; C207; C208; C209; C210; C211; C212; C213; C214; C215; C216; C217; C218; C219; C220; C221; C222; C223; C224; C225; C226; C227; C228; C229; C230; C231; C232; C233; C234; C235; C236; C240; C248; C250; C251; C252; C253; C255; C256; C257; C258,42,42,each,GRM21BR71C104KA01L,Murata Manufacturing,Capacitor_SMD:C_0805_2012Metric,100n,100n,false,POPULATE,Active/production; verifyatorder [source-record observation]; Catalog [source-record observation]; Standard catalog part; verify current orderability [source-record observation],https://www.murata.com/en-us/products/capacitor/mlcc,design/WAKE_IO.md,,Preserved exact source-record MPN; manufacturer evidence linked; supplier stock unverified,false,unverified_at_build,ADC charge reservoir; ADC reservoir; open/short diagnostic at rails; ESP local high frequency; Local bypass forU10; Local bypass forU11; Local bypass forU12; Local bypass forU13; Local bypass forU14; Local bypass forU15; Local bypass forU16; Local bypass forU17; Local bypass forU18; Local bypass forU19; Local bypass forU20; Local bypass forU21; Local bypass forU22; Local bypass forU23; Local bypass forU24; Local bypass forU25; Local bypass forU26; Local bypass forU27; Local bypass forU28; Local bypass forU29; Local bypass forU50; Local bypass forU51; Local bypass forU53; Local bypass forU54; Local bypass forU55; Local bypass forU56; Local bypass forU57; Local bypass forU58; Local bypass forU59; Local bypass forU60; Local bypass forU61; U13 VCC5V bypass; additional toVIO bypass; U62localbypass; U63localbypass; U64localbypass; U65localbypass,06a_aon_wake_p1; 06a_aon_wake_p2; 06b_motion_latches; 06c_esp32_p1; 07_ina228_analog; 08_can_led_io,engineering_review_not_order_release
C201; C204; C254,3,3,each,GRM21BR71C105KA01L,Murata Manufacturing,Capacitor_SMD:C_0805_2012Metric,1u,1u,false,POPULATE,Active/production; verifyatorder [source-record observation]; Standard catalog part; verify current orderability [source-record observation],https://www.murata.com/en-us/products/capacitor/mlcc,design/WAKE_IO.md,,Preserved exact source-record MPN; manufacturer evidence linked; supplier stock unverified,false,unverified_at_build,"16V X7R10%, effective capacitance must remain0.80..1.10uF at2.4V andtemperature; longpress~6.48s; 16V X7R, >=0.47uF effective; RC effective0.80–1.10uF qualification",06a_aon_wake_p1; 06a_aon_wake_p2,engineering_review_not_order_release
C303; C309,2,2,each,GRM21BR71E105KA99L,Murata Manufacturing,Capacitor_SMD:C_0805_2012Metric,1uF 25V,1uF 25V,false,POPULATE,Manufacturer catalog/family evidence; exact lifecycle flag not independently established,https://www.murata.com/en-us/products/capacitor/ceramiccapacitor,design/CHOPPER_PROCUREMENT.md,,Preserved exact source-record MPN; manufacturer evidence linked; supplier stock unverified,false,unverified_at_build,,04_brake_chopper_p1,engineering_review_not_order_release
C202; C243,2,2,each,GRM21BR71H103KA01L,Murata Manufacturing,Capacitor_SMD:C_0805_2012Metric,10n,10n,false,POPULATE,Standard catalog part; verify current orderability [source-record observation],https://www.murata.com/en-us/products/capacitor/mlcc,design/WAKE_IO.md,,Preserved exact source-record MPN; manufacturer evidence linked; supplier stock unverified,false,unverified_at_build,Button RC front-end; Schmitt U20; ~1ms passive loss response; Schmitt edge,06a_aon_wake_p1; 06c_esp32_p1,engineering_review_not_order_release
C244,1,0,each,GRM21BR71H103KA01L,Murata Manufacturing,Capacitor_SMD:C_0805_2012Metric,10n,10n,true,DNP,Standard catalog part; verify current orderability [source-record observation],https://www.murata.com/en-us/products/capacitor/mlcc,design/WAKE_IO.md,,Preserved exact source-record MPN; manufacturer evidence linked; supplier stock unverified,false,unverified_at_build,DNP splitterminationcommonmode capacitor,08_can_led_io,engineering_review_not_order_release
C242,1,1,each,GRM21BR72A103KA01L,Murata Manufacturing,Capacitor_SMD:C_0805_2012Metric,10n,10n,false,POPULATE,Standard catalog part; verify current orderability [source-record observation],https://www.murata.com/en-us/products/capacitor/mlcc,design/WAKE_IO.md,,Preserved exact source-record MPN; manufacturer evidence linked; supplier stock unverified,false,unverified_at_build,100V bus filter,07_ina228_analog,engineering_review_not_order_release
C1; C8; C21; C26; C30; C200; C241,7,7,each,GRM21BR72A104KA01L,Murata Manufacturing,Capacitor_SMD:C_0805_2012Metric,100n; 100nF100V X7R,100n; 100nF100V X7R,false,POPULATE,Manufacturer catalog/family evidence; exact lifecycle flag not independently established; Standard catalog part; verify current orderability [source-record observation],https://www.murata.com/en-global/products/capacitor/ceramiccapacitor; https://www.murata.com/en-us/products/capacitor/mlcc,design/POWER_STAGE.md; design/WAKE_IO.md,,Preserved exact source-record MPN; manufacturer evidence linked; supplier stock unverified,false,unverified_at_build,100V X7R; 100V differential filter; f_c~79.6kHz,02_main_switch_lm74930; 03_motion_gate_tps48110; 05_pc_and_5v_efuses; 06a_aon_wake_p1; 07_ina228_analog,engineering_review_not_order_release
C245,1,1,each,GRM31A5C3A102JW01D,Murata Manufacturing,Capacitor_SMD:C_1206_3216Metric,1n,1n,false,POPULATE,Standard catalog part; verify current orderability [source-record observation],https://www.murata.com/en-us/products/capacitor/mlcc,design/WAKE_IO.md,,Preserved exact source-record MPN; manufacturer evidence linked; supplier stock unverified,false,unverified_at_build,1kV shield RF bond,08_can_led_io,engineering_review_not_order_release
C301,1,1,each,GRM32ER71E106KA12L,Murata Manufacturing,Capacitor_SMD:C_1210_3225Metric,10uF 25V,10uF 25V,false,POPULATE,Manufacturer catalog/family evidence; exact lifecycle flag not independently established,https://www.murata.com/en-us/products/capacitor/ceramiccapacitor,design/CHOPPER_PROCUREMENT.md,,Preserved exact source-record MPN; manufacturer evidence linked; supplier stock unverified,false,unverified_at_build,Effective capacitance must stay >=4.7uF at10V.,04_brake_chopper_p1,engineering_review_not_order_release
U11,1,1,each,INA228AIDGSR,Texas Instruments,Package_SO:MSOP-10_3x3mm_P0.5mm,INA228AIDGSR,INA228AIDGSR,false,POPULATE,Active/production manufacturer listing; recheck at order [source-record observation],https://www.ti.com/lit/ds/symlink/ina228.pdf,design/WAKE_IO.md,,Preserved exact source-record MPN; manufacturer evidence linked; supplier stock unverified,false,unverified_at_build,"I2C address0x40, +/-163.84mV initial range; independent Kelvin traces to shared0.5mOhm shunt.",07_ina228_analog,engineering_review_not_order_release
Q40,1,1,each,IPT015N10N5ATMA1,Infineon Technologies,Package_TO_SOT_SMD:Infineon_PG-HSOF-8-1,100V chopper NMOS,100V N-MOS; gate/SOA/thermal limits in CHOPPER_MECHANICS.md,false,POPULATE,Active/preferred on manufacturer product page; recheck at order,https://www.infineon.com/assets/row/public/documents/24/49/infineon-ipt015n10n5-datasheet-en.pdf,design/CHOPPER_PROCUREMENT.md,,Preserved exact source-record MPN; manufacturer evidence linked; supplier stock unverified,false,unverified_at_build,"KiCad logical pads1=G,2=all source leads,3=drain tab. Manufacturer physical pin1=G,pins2..8=S,tab=D.6cm2 drain copper;no linear regulation.",04_brake_chopper_p1,engineering_review_not_order_release
U32,1,1,each,LM339BIPWR,Texas Instruments,Package_SO:TSSOP-14_4.4x5mm_P0.65mm,Independent analog chopper/OV/NTC window,Independent analog chopper/OV/NTC window,false,POPULATE,Active/Production in reviewed manufacturer ordering evidence; recheck at order,https://www.ti.com/lit/ds/symlink/lm339b.pdf,design/CHOPPER_PROCUREMENT.md,"{""alternative_mpn"": ""LM2901BIPWR"", ""automatic_substitution_approved"": false, ""classification"": ""engineering_candidate_only"", ""evidence_document"": ""design/CHOPPER_PROCUREMENT.md"", ""notes"": ""Recheck full-temperature offset/bias and output-low bounds before substitution"", ""same_source"": true}",Preserved exact source-record MPN; manufacturer evidence linked; supplier stock unverified,false,unverified_at_build,Ch1 on comparator; ch2 OV; ch3 hot/short; ch4 open. Open collectors ch3/4 wired together. Output low<=0.55V at<=4mA across -40..85C; TLV1704 rejected because its0.9V bound exceeds driver0.8V VIL.,04_brake_chopper_p1,engineering_review_not_order_release
U1,1,1,each,LM74930QRGERQ1,Texas Instruments,PMU_RevA:VQFN_RGE24_4x4_P0.5_EP_FLOAT,LM74930-Q1,"4..65V operating;70V absolute maximum; main gate, timer and transient limits in POWER_STAGE.md",false,POPULATE,Active/Production in reviewed manufacturer ordering evidence; recheck at order,https://www.ti.com/lit/ds/symlink/lm74930-q1.pdf,design/POWER_STAGE.md,"{""alternative_mpn"": ""LM74930QRGERQ1.A"", ""class"": ""manufacturer_identical_alias"", ""electrical_compatibility_verified"": true, ""independently_orderable_at_manufacturer"": false, ""instruction"": ""TI directs ordering canonical LM74930QRGERQ1; alias is not a second source or separate stock pool"", ""same_source"": true, ""selected_mpn"": ""LM74930QRGERQ1"", ""source_url"": ""https://www.ti.com/product/LM74930-Q1/part-details/LM74930QRGERQ1""}",Preserved exact source-record MPN; manufacturer evidence linked; supplier stock unverified,false,unverified_at_build,Datasheet pp3-4: exposed pad must FLOAT. SW unused; independent input dividers avoid common-source startup UV deadlock. Positive-polarity bench input only; this wiring does not claim negative-battery tolerance.,02_main_switch_lm74930,engineering_review_not_order_release
U15,1,1,each,LT3014BIS5#TRPBF,Analog Devices,Package_TO_SOT_SMD:SOT-23-5,LT3014BIS5#TRPBF,LT3014BIS5#TRPBF,false,POPULATE,Active/production manufacturer listing; recheck at order [source-record observation],https://www.analog.com/media/en/technical-documentation/data-sheets/3014bfb.pdf,design/WAKE_IO.md,,Preserved exact source-record MPN; manufacturer evidence linked; supplier stock unverified,false,unverified_at_build,80V20mA regulator usedonlyforwakelogic.174k/100k feedback nominal3.343V; bound3.193..3.50V includesfull1.18..1.26V reference and1% resistors.,06a_aon_wake_p1,engineering_review_not_order_release
U16,1,1,each,LTC2954ITS8-1#TRPBF,Analog Devices,Package_TO_SOT_SMD:TSOT-23-8,LTC2954ITS8-1#TRPBF,LTC2954ITS8-1#TRPBF,false,POPULATE,Active/production manufacturer listing; recheck at order [source-record observation],https://www.analog.com/media/en/technical-documentation/data-sheets/2954fb.pdf,design/WAKE_IO.md,,Preserved exact source-record MPN; manufacturer evidence linked; supplier stock unverified,false,unverified_at_build,Active-high enable variant. Original400–650ms KILL mask extended using U21 external5.033s one-shot. ONT22nF ONT;1uF PDT.,06a_aon_wake_p1,engineering_review_not_order_release
U21,1,1,each,LTC6993IS6-1#TRPBF,Analog Devices,Package_TO_SOT_SMD:TSOT-23-6,LTC6993IS6-1#TRPBF,LTC6993IS6-1#TRPBF,false,POPULATE,Active/production manufacturer listing; recheck at order [source-record observation],https://www.analog.com/media/en/technical-documentation/data-sheets/ltc6993-6993-1-6993-2-6993-3-6993-4.pdf,design/WAKE_IO.md,,Preserved exact source-record MPN; manufacturer evidence linked; supplier stock unverified,false,unverified_at_build,"Nonretriggerable rising-edge pulse; RSET120k, DIVCODE7 1M/887k gives5.0331648s. Never retrigger from firmware.",06a_aon_wake_p1,engineering_review_not_order_release
D63,1,1,each,MBR10100-M3/4W,Vishay,Package_TO_SOT_THT:TO-220-2_Vertical,100V 10A resistor cable freewheel,100V 10A resistor cable freewheel,false,POPULATE,Manufacturer catalog/family evidence; exact lifecycle flag not independently established,https://www.vishay.com/docs/89193/mbr10100.pdf,design/CHOPPER_PROCUREMENT.md,,Preserved exact source-record MPN; manufacturer evidence linked; supplier stock unverified,false,unverified_at_build,"Manufacturer pin1 and metal tab CATHODE, pin2 ANODE: verified visual page1. Keep exposed live tab isolated.",04_brake_chopper_p1,engineering_review_not_order_release
C3; C10,2,2,each,MKS4C053306D00KSSD,WIMA,PMU_RevA:C_Rect_L31.5mm_W13mm_P27.5mm,33uF63V10% PET film,33uF63V10% PET film;31.5x13x24mm;27.5mm pitch; leakage/timing assumptions in POWER_STAGE.md,false,POPULATE,Manufacturer catalog/family evidence; exact lifecycle flag not independently established,https://www.wima.de/en/our-product-range/metallized-capacitors/mks-4/,design/POWER_STAGE.md,,Preserved exact source-record MPN; manufacturer evidence linked; supplier stock unverified,false,unverified_at_build,"Non-polar. Body31.5x13x24mm;0.8mm leads,27.5mm pitch. Manufacturer insulationRC>=3000s at20C. Prototype calculations include2% thermal capacitance drift and1uA leakage allowance; verify at local0..60C. No unbounded high-temp tantalum leakage.; Same film timing/insulation assumptions asC3; configurable component, not firmware timing.",02_main_switch_lm74930; 03_motion_gate_tps48110,engineering_review_not_order_release
Q11; Q44,2,2,each,"MMBT3904,215",Nexperia,Package_TO_SOT_SMD:SOT-23,Qualified local enable; Remote temperature diode,Qualified local enable; Remote temperature diode,false,POPULATE,Manufacturer catalog/family evidence; exact lifecycle flag not independently established,https://assets.nexperia.com/documents/data-sheet/MMBT3904.pdf,design/CHOPPER_PROCUREMENT.md; design/POWER_STAGE.md,,Preserved exact source-record MPN; manufacturer evidence linked; supplier stock unverified,false,unverified_at_build,B1 E2 C3. Provides return for thermal-enable Q41 and pulls fault-power PMOS gate low after reference qualification.; Base1 and collector3 tied; emitter2 GND. Place at hottest motion-bank copper. TPS remote temperature trip150Ctyp/140..160C table; separate board NTC protection acts earlier.,03_motion_gate_tps48110; 04_brake_chopper_p1,engineering_review_not_order_release
TH20; TH21,2,2,each,NCP18XH103F03RB,Murata Manufacturing,Resistor_SMD:R_0603_1608Metric,10k NTC B3380 1%,10k NTC B3380 1%,false,POPULATE,Standard catalog part; verify current orderability [source-record observation],https://pim.murata.com/en-us/pim/details/?partNum=NCP18XH103F03RB,design/WAKE_IO.md,,Preserved exact source-record MPN; manufacturer evidence linked; supplier stock unverified,false,unverified_at_build,NTC placed beside hottestMAINMOSFET; software70C warn85C motionoff95C mainoff provisional; NTC placed beside hottestMOTIONMOSFET; software70C warn85C motionoff95C mainoff provisional,07_ina228_analog,engineering_review_not_order_release
Q1; Q2; Q3; Q4; Q5; Q6; Q7; Q8; Q9; Q10,10,10,each,PSMN1R0-100ASFJ,Nexperia,PMU_RevA:CCPAK1212_SOT8000A,100V N-MOS .99mR@25C/2.3mR@175C 10V,100V; RDSmax0.99/1.6/2.3mOhm at25/100/175C and10Vgate; Qgmax539nC,false,POPULATE,Production on manufacturer product page; recheck at order,https://assets.nexperia.com/documents/data-sheet/PSMN1R0-100ASF.pdf,design/POWER_STAGE.md,"{""alternative_mpn"": ""PSMN1R0-100ASEJ"", ""automatic_substitution_approved"": false, ""class"": ""mechanically_compatible_engineering_candidate"", ""electrical_compatibility_verified"": false, ""manufacturer_sales_item"": ""934666620118"", ""mechanical_and_pin_compatibility_verified"": true, ""order_code_source_url"": ""https://mm.digikey.com/Volume0/opasdata/d220001/medias/docus/7517/CN-202508013I.pdf"", ""required_review"": [""180kRPU andMiller/inrush timing"", ""main gate timing"", ""cold/hot SOA"", ""conduction andthermal losses"", ""reverseblocking andfaultturnoff waveforms""], ""same_source"": true, ""selected_mpn"": ""PSMN1R0-100ASFJ"", ""source_url"": ""https://assets.nexperia.com/documents/data-sheet/PSMN1R0-100ASE.pdf"", ""stock_observation"": ""DigiKey zeroimmediate stock inretrieved listing; backorder not an immediatefallback""}",Preserved exact source-record MPN; manufacturer evidence linked; supplier stock unverified,false,unverified_at_build,"Manufacturer mounting-base mb is library pad13 and is D. Top-view1 bottom-left,1..6 left-to-right bottom;12..7 top. Separate gate resistor per die. No assumption of equal current sharing during linear startup.",02_main_switch_lm74930; 03_motion_gate_tps48110,engineering_review_not_order_release
D1; D2,2,2,each,PTVS1-043C-H,Bourns,PMU_RevA:PTVS1_DFN8x6,43V bidirectional low-clamp TVS,"43V standoff;48..53V breakdown;56V TYPICAL at1kA8/20us, not guaranteed maxclamp",false,POPULATE,Manufacturer catalog/family evidence; exact lifecycle flag not independently established,https://www.bourns.com/docs/Product-Datasheets/PTVS1-xxxC-H.pdf,design/POWER_STAGE.md,,Preserved exact source-record MPN; manufacturer evidence linked; supplier stock unverified,false,unverified_at_build,"56V at1kA8/20us is TYPICAL, not guaranteed maximum. See explicit transient design envelope and limitation inPOWER_STAGE.md. Pin1narrowpad andpin2widepad; bidirectional.",02_main_switch_lm74930,engineering_review_not_order_release
R39; R203; R204; R212; R214; R219; R222; R234; R235; R236; R238; R247; R249; R250; R251; R253; R254; R255; R257; R258; R259; R263; R264,23,23,each,RC0805FR-07100KL,YAGEO,Resistor_SMD:R_0805_2012Metric,100K 1%; 100k,100K 1%; 100k,false,POPULATE,Catalog [source-record observation]; Manufacturer catalog/family evidence; exact lifecycle flag not independently established; Standard catalog part; verify current orderability [source-record observation],https://www.yageo.com/en/Product/Index/chip-resistors; https://www.yageo.com/en/Product/Index/rchip,design/POWER_STAGE.md; design/WAKE_IO.md,,YAGEO selected-family order coding and preferred value checked; individual stock unverified,false,unverified_at_build,"Bounds offleak2uA to0.2V; onratio1/23; Default ESP heldreset; Default kill absent OR output; Feedback lower,1%; Highside divider resistor1/2; Highside divider resistor2/2; Limits UARTisolators2uAoffleak to0.2V atMCU.; No hold if ESP reset/unpowered; Offleak discharge; included incalibration; Released=high; button closes toGND through1k; Safe low withoutdriver; UnpoweredGPIO low throughTMUXleakbound",03_motion_gate_tps48110; 06a_aon_wake_p2; 06b_motion_latches; 06c_esp32_p1; 06c_esp32_p2; 08_can_led_io,engineering_review_not_order_release
R211; R213; R216; R217; R220; R221; R228; R229; R230; R231; R232; R233; R237; R241; R242; R246; R252; R256; R260; R261,20,20,each,RC0805FR-0710KL,YAGEO,Resistor_SMD:R_0805_2012Metric,10k,10k,false,POPULATE,Standard catalog part; verify current orderability [source-record observation],https://www.yageo.com/en/Product/Index/rchip,design/WAKE_IO.md,,YAGEO selected-family order coding and preferred value checked; individual stock unverified,false,unverified_at_build,Cross-domain input current limiting; GPIO0 normalboot pullup; LM74930 enable defaultoff Final review:10k default-low for aggregate powered-off leakage; replaces100k.; LTC interrupt pullup to switched rail only; Limits external latch sink current; NTC biasupper1%; Poweroff low for AON brownout detector Final review:10k default-low for aggregate powered-off leakage; replaces100k.; Recessive default; Safe low withoutdriver Final review:10k default-low for aggregate powered-off leakage; replaces100k.; Sourcevoltage<=3.095V at65V withswitchopen; Standby default,06a_aon_wake_p2; 06b_motion_latches; 06c_esp32_p1; 07_ina228_analog; 08_can_led_io,engineering_review_not_order_release
R11; R12; R13; R14; R15; R16; R17; R18; R19; R20,10,10,each,RC0805FR-0710ML,YAGEO,Resistor_SMD:R_0805_2012Metric,10M 1%,10M 1%,false,POPULATE,Manufacturer catalog/family evidence; exact lifecycle flag not independently established,https://www.yageo.com/en/Product/Index/chip-resistors,design/POWER_STAGE.md,,YAGEO selected-family order coding and preferred value checked; individual stock unverified,false,unverified_at_build,Main HGATE only39uA minimum: do not substitute ordinary10k/100k pull-downs.,02_main_switch_lm74930; 03_motion_gate_tps48110,engineering_review_not_order_release
R1; R2; R3; R4; R5; R6; R7; R8; R9; R10; R223; R224; R225,13,13,each,RC0805FR-0710RL,YAGEO,Resistor_SMD:R_0805_2012Metric,10; 10R 1%,10; 10R 1%,false,POPULATE,Manufacturer catalog/family evidence; exact lifecycle flag not independently established; Standard catalog part; verify current orderability [source-record observation],https://www.yageo.com/en/Product/Index/chip-resistors; https://www.yageo.com/en/Product/Index/rchip,design/POWER_STAGE.md; design/WAKE_IO.md,,YAGEO selected-family order coding and preferred value checked; individual stock unverified,false,unverified_at_build,Matched separate10ohm INA Kelvin filter; Matched separate10ohm INA Kelvin filter; not shared withLM input; VBUS smallseriesfilter,02_main_switch_lm74930; 03_motion_gate_tps48110; 07_ina228_analog,engineering_review_not_order_release
R208,1,1,each,RC0805FR-07120KL,YAGEO,Resistor_SMD:R_0805_2012Metric,120k,120k,false,POPULATE,Standard catalog part; verify current orderability [source-record observation],https://www.yageo.com/en/Product/Index/rchip,design/WAKE_IO.md,,YAGEO selected-family order coding and preferred value checked; individual stock unverified,false,unverified_at_build,1% timer SET,06a_aon_wake_p2,engineering_review_not_order_release
R202,1,1,each,RC0805FR-07174KL,YAGEO,Resistor_SMD:R_0805_2012Metric,174k,174k,false,POPULATE,Standard catalog part; verify current orderability [source-record observation],https://www.yageo.com/en/Product/Index/rchip,design/WAKE_IO.md,,YAGEO selected-family order coding and preferred value checked; individual stock unverified,false,unverified_at_build,"Feedbackupper1%;174k/100k nominal3.343V,fullVref+resistorbounds3.193..3.50V.",06a_aon_wake_p2,engineering_review_not_order_release
R34,1,1,each,RC0805FR-07180KL,YAGEO,Resistor_SMD:R_0805_2012Metric,180K 1%,180K 1%,false,POPULATE,Manufacturer catalog/family evidence; exact lifecycle flag not independently established,https://www.yageo.com/en/Product/Index/chip-resistors,design/POWER_STAGE.md,,YAGEO selected-family order coding and preferred value checked; individual stock unverified,false,unverified_at_build,Slow turn-on for940uF motor-bus capacitor. Two input-bank Miller charges govern ramp estimate; four totalQg govern reservoir. DirectPD path still provides fastfaultturnoff. Four10M gatebleeds preserve>=10V steady gate under stated11Vboostmodel.,03_motion_gate_tps48110,engineering_review_not_order_release
R205; R218; R239; R240,4,4,each,RC0805FR-071KL,YAGEO,Resistor_SMD:R_0805_2012Metric,1k,1k,false,POPULATE,Standard catalog part; verify current orderability [source-record observation],https://www.yageo.com/en/Product/Index/rchip,design/WAKE_IO.md,,YAGEO selected-family order coding and preferred value checked; individual stock unverified,false,unverified_at_build,"Allows service reset switch to sink without shorting pushpull supervisor; Drycontact loop return or external3.3V±5%, ground referenced; no24V; Series harness transient limiter",06a_aon_wake_p2; 06c_esp32_p1,engineering_review_not_order_release
R29; R45; R55; R207; R209; R245,6,6,each,RC0805FR-071ML,YAGEO,Resistor_SMD:R_0805_2012Metric,1M; 1M 1%,1M; 1M 1%,false,POPULATE,Manufacturer catalog/family evidence; exact lifecycle flag not independently established; Standard catalog part; verify current orderability [source-record observation],https://www.yageo.com/en/Product/Index/chip-resistors; https://www.yageo.com/en/Product/Index/rchip,design/POWER_STAGE.md; design/WAKE_IO.md,,YAGEO selected-family order coding and preferred value checked; individual stock unverified,false,unverified_at_build,Bleed only; chassis not an actuatorreturn; DIVCODE7 top; Only U64 input loads thisLTCopen-drain node; strongbuffer drivesallrawENloads.,02_main_switch_lm74930; 05_pc_and_5v_efuses; 06a_aon_wake_p2; 08_can_led_io,engineering_review_not_order_release
R248,1,1,each,RC0805FR-07330RL,YAGEO,Resistor_SMD:R_0805_2012Metric,330,330,false,POPULATE,Standard catalog part; verify current orderability [source-record observation],https://www.yageo.com/en/Product/Index/rchip,design/WAKE_IO.md,,YAGEO selected-family order coding and preferred value checked; individual stock unverified,false,unverified_at_build,Source-series resistor,08_can_led_io,engineering_review_not_order_release
R206; R215,2,2,each,RC0805FR-0747KL,YAGEO,Resistor_SMD:R_0805_2012Metric,47k,47k,false,POPULATE,Standard catalog part; verify current orderability [source-record observation],https://www.yageo.com/en/Product/Index/rchip,design/WAKE_IO.md,,YAGEO selected-family order coding and preferred value checked; individual stock unverified,false,unverified_at_build,47k LTC open-drainpullup; drivesonly U64 input to preserve VIH margin.; Only AON pullup; MCU sees it throughU60,06a_aon_wake_p2,engineering_review_not_order_release
R226; R227; R262,3,3,each,RC0805FR-074K7L,YAGEO,Resistor_SMD:R_0805_2012Metric,4.7k,4.7k,false,POPULATE,Active/production; verifyatorder [source-record observation]; Standard catalog part; verify current orderability [source-record observation],https://www.yageo.com/en/Product/Index/rchip,design/WAKE_IO.md,,YAGEO selected-family order coding and preferred value checked; individual stock unverified,false,unverified_at_build,StartupRCresistor1%,06a_aon_wake_p2; 07_ina228_analog,engineering_review_not_order_release
R46; R56,2,2,each,RC0805FR-0768KL,YAGEO,Resistor_SMD:R_0805_2012Metric,68K 1%,68K 1%,false,POPULATE,Manufacturer catalog/family evidence; exact lifecycle flag not independently established,https://www.yageo.com/en/Product/Index/chip-resistors,design/POWER_STAGE.md,,YAGEO selected-family order coding and preferred value checked; individual stock unverified,false,unverified_at_build,,05_pc_and_5v_efuses,engineering_review_not_order_release
R210,1,1,each,RC0805FR-07887KL,YAGEO,Resistor_SMD:R_0805_2012Metric,887k,887k,false,POPULATE,Standard catalog part; verify current orderability [source-record observation],https://www.yageo.com/en/Product/Index/rchip,design/WAKE_IO.md,,YAGEO selected-family order coding and preferred value checked; individual stock unverified,false,unverified_at_build,DIVCODE7 bottom,06a_aon_wake_p2,engineering_review_not_order_release
R243; R244,2,0,each,RC1206FR-0760R4L,YAGEO,Resistor_SMD:R_1206_3216Metric,60.4,60.4,true,DNP,Standard catalog part; verify current orderability [source-record observation],https://www.yageo.com/en/Product/Index/rchip,design/WAKE_IO.md,,YAGEO selected-family order coding and preferred value checked; individual stock unverified,false,unverified_at_build,"DNP local termination1/2; DNP splitCANtermination,60.4ohm1%,0.25W; populatebothhalvesonlyatphysicalbusend.",08_can_led_io,engineering_review_not_order_release
R200; R201,2,2,each,RC2010FK-074K99L,YAGEO,Resistor_SMD:R_2010_5025Metric,4.99k,4.99k,false,POPULATE,Standard catalog part; verify current orderability [source-record observation],https://www.yageo.com/en/Product/Index/rchip,design/WAKE_IO.md,,YAGEO selected-family order coding and preferred value checked; individual stock unverified,false,unverified_at_build,0.75W current-limited AON feed; 0.75W current-limited AON feed; two series parts,06a_aon_wake_p2,engineering_review_not_order_release
U31,1,1,each,REF5025IDR,Texas Instruments,Package_SO:SOIC-8_3.9x4.9mm_P1.27mm,2.5V high-grade reference,2.5V high-grade reference,false,POPULATE,Active/Production in reviewed manufacturer ordering evidence; recheck at order,https://www.ti.com/lit/ds/symlink/ref50.pdf,design/CHOPPER_PROCUREMENT.md,"{""alternative_mpn"": ""REF5025ID"", ""automatic_substitution_approved"": true, ""classification"": ""same_silicon_packaging_alternative"", ""evidence_document"": ""design/CHOPPER_PROCUREMENT.md"", ""notes"": ""Tube instead of reel; preserve I accuracy grade"", ""same_source"": true}",Preserved exact source-record MPN; manufacturer evidence linked; supplier stock unverified,false,unverified_at_build,High grade:0.05%/3ppm per C. Pins1/8 DNC; TEMP and TRIM/NR unused.,04_brake_chopper_p1,engineering_review_not_order_release
R24; R33,2,2,each,RT0805BRD07100KL,YAGEO,Resistor_SMD:R_0805_2012Metric,100K 0.1% 25ppm/K,100K 0.1% 25ppm/K,false,POPULATE,Manufacturer catalog/family evidence; exact lifecycle flag not independently established,https://www.yageo.com/en/Product/Index/chip-resistors,design/POWER_STAGE.md,,YAGEO selected-family order coding and preferred value checked; individual stock unverified,false,unverified_at_build,,02_main_switch_lm74930; 03_motion_gate_tps48110,engineering_review_not_order_release
R30,1,1,each,RT0805BRD07100RL,YAGEO,Resistor_SMD:R_0805_2012Metric,100R 0.1% 25ppm/K,100R 0.1% 25ppm/K,false,POPULATE,Manufacturer catalog/family evidence; exact lifecycle flag not independently established,https://www.yageo.com/en/Product/Index/chip-resistors,design/POWER_STAGE.md,,YAGEO selected-family order coding and preferred value checked; individual stock unverified,false,unverified_at_build,,03_motion_gate_tps48110,engineering_review_not_order_release
R26,1,1,each,RT0805BRD0710K1L,YAGEO,Resistor_SMD:R_0805_2012Metric,10K1 0.1% 25ppm/K,10K1 0.1% 25ppm/K,false,POPULATE,Manufacturer catalog/family evidence; exact lifecycle flag not independently established,https://www.yageo.com/en/Product/Index/chip-resistors,design/POWER_STAGE.md,,Exact code supported by manufacturer-authored design BOM: https://e2e.ti.com/cfs-file/__key/communityserver-discussions-components-files/196/WBDesign417.pdf,false,unverified_at_build,,02_main_switch_lm74930,engineering_review_not_order_release
R28; R36; R42; R44; R48; R52; R54; R58; R59; R61; R63,11,11,each,RT0805BRD0710KL,YAGEO,Resistor_SMD:R_0805_2012Metric,10K 0.1% 25ppm/K,10K 0.1% 25ppm/K,false,POPULATE,Manufacturer catalog/family evidence; exact lifecycle flag not independently established,https://www.yageo.com/en/Product/Index/chip-resistors,design/POWER_STAGE.md,,YAGEO selected-family order coding and preferred value checked; individual stock unverified,false,unverified_at_build,,02_main_switch_lm74930; 03_motion_gate_tps48110; 05_pc_and_5v_efuses,engineering_review_not_order_release
R22,1,1,each,RT0805BRD0718K2L,YAGEO,Resistor_SMD:R_0805_2012Metric,18K2 0.1% 25ppm/K,18K2 0.1% 25ppm/K,false,POPULATE,Manufacturer catalog/family evidence; exact lifecycle flag not independently established,https://www.yageo.com/en/Product/Index/chip-resistors,design/POWER_STAGE.md,,YAGEO selected-family order coding and preferred value checked; individual stock unverified,false,unverified_at_build,R22 plus R64=18.4k effective. Standard catalog values replace unverified18.4k single-part ordercode.,02_main_switch_lm74930,engineering_review_not_order_release
R41; R47; R51; R57,4,4,each,RT0805BRD07191KL,YAGEO,Resistor_SMD:R_0805_2012Metric,191K 0.1% 25ppm/K,191K 0.1% 25ppm/K,false,POPULATE,Manufacturer catalog/family evidence; exact lifecycle flag not independently established,https://www.yageo.com/en/Product/Index/chip-resistors,design/POWER_STAGE.md,,YAGEO selected-family order coding and preferred value checked; individual stock unverified,false,unverified_at_build,,05_pc_and_5v_efuses,engineering_review_not_order_release
R64,1,1,each,RT0805BRD07200RL,YAGEO,Resistor_SMD:R_0805_2012Metric,200R 0.1% 25ppm/K,200R 0.1% 25ppm/K,false,POPULATE,Manufacturer catalog/family evidence; exact lifecycle flag not independently established,https://www.yageo.com/en/Product/Index/chip-resistors,design/POWER_STAGE.md,,YAGEO selected-family order coding and preferred value checked; individual stock unverified,false,unverified_at_build,,02_main_switch_lm74930,engineering_review_not_order_release
R60,1,1,each,RT0805BRD0720KL,YAGEO,Resistor_SMD:R_0805_2012Metric,20K 0.1% 25ppm/K,20K 0.1% 25ppm/K,false,POPULATE,Manufacturer catalog/family evidence; exact lifecycle flag not independently established,https://www.yageo.com/en/Product/Index/chip-resistors,design/POWER_STAGE.md,,YAGEO selected-family order coding and preferred value checked; individual stock unverified,false,unverified_at_build,,03_motion_gate_tps48110,engineering_review_not_order_release
R35; R62,2,2,each,RT0805BRD07226KL,YAGEO,Resistor_SMD:R_0805_2012Metric,226K 0.1% 25ppm/K,226K 0.1% 25ppm/K,false,POPULATE,Manufacturer catalog/family evidence; exact lifecycle flag not independently established,https://www.yageo.com/en/Product/Index/chip-resistors,design/POWER_STAGE.md,,YAGEO selected-family order coding and preferred value checked; individual stock unverified,false,unverified_at_build,,03_motion_gate_tps48110,engineering_review_not_order_release
R32,1,1,each,RT0805BRD072K74L,YAGEO,Resistor_SMD:R_0805_2012Metric,2K74 0.1% 25ppm/K,2K74 0.1% 25ppm/K,false,POPULATE,Manufacturer catalog/family evidence; exact lifecycle flag not independently established,https://www.yageo.com/en/Product/Index/chip-resistors,design/POWER_STAGE.md,,YAGEO selected-family order coding and preferred value checked; individual stock unverified,false,unverified_at_build,,03_motion_gate_tps48110,engineering_review_not_order_release
R43; R53,2,2,each,RT0805BRD07374KL,YAGEO,Resistor_SMD:R_0805_2012Metric,374K 0.1% 25ppm/K,374K 0.1% 25ppm/K,false,POPULATE,Manufacturer catalog/family evidence; exact lifecycle flag not independently established,https://www.yageo.com/en/Product/Index/chip-resistors,design/POWER_STAGE.md,,YAGEO selected-family order coding and preferred value checked; individual stock unverified,false,unverified_at_build,,05_pc_and_5v_efuses,engineering_review_not_order_release
R31,1,1,each,RT0805BRD0739K7L,YAGEO,Resistor_SMD:R_0805_2012Metric,39K7 0.1% 25ppm/K,39K7 0.1% 25ppm/K,false,POPULATE,Manufacturer catalog/family evidence; exact lifecycle flag not independently established,https://www.yageo.com/en/Product/Index/chip-resistors,design/POWER_STAGE.md,,Exact code supported by manufacturer-authored design BOM: https://www.ti.com/jp/lit/pdf/tidrpf6,false,unverified_at_build,,03_motion_gate_tps48110,engineering_review_not_order_release
R23,1,1,each,RT0805BRD073K65L,YAGEO,Resistor_SMD:R_0805_2012Metric,3K65 0.1% 25ppm/K,3K65 0.1% 25ppm/K,false,POPULATE,Manufacturer catalog/family evidence; exact lifecycle flag not independently established,https://www.yageo.com/en/Product/Index/chip-resistors,design/POWER_STAGE.md,,YAGEO selected-family order coding and preferred value checked; individual stock unverified,false,unverified_at_build,,02_main_switch_lm74930,engineering_review_not_order_release
R21,1,1,each,RT0805BRD0749R9L,YAGEO,Resistor_SMD:R_0805_2012Metric,49R9 0.1% 25ppm/K,49R9 0.1% 25ppm/K,false,POPULATE,Manufacturer catalog/family evidence; exact lifecycle flag not independently established,https://www.yageo.com/en/Product/Index/chip-resistors,design/POWER_STAGE.md,,YAGEO selected-family order coding and preferred value checked; individual stock unverified,false,unverified_at_build,,02_main_switch_lm74930,engineering_review_not_order_release
R25,1,1,each,RT0805BRD07523KL,YAGEO,Resistor_SMD:R_0805_2012Metric,523K 0.1% 25ppm/K,523K 0.1% 25ppm/K,false,POPULATE,Manufacturer catalog/family evidence; exact lifecycle flag not independently established,https://www.yageo.com/en/Product/Index/chip-resistors,design/POWER_STAGE.md,,YAGEO selected-family order coding and preferred value checked; individual stock unverified,false,unverified_at_build,,02_main_switch_lm74930,engineering_review_not_order_release
R40,1,1,each,RT0805BRD076K04L,YAGEO,Resistor_SMD:R_0805_2012Metric,6K04 0.1% 25ppm/K,6K04 0.1% 25ppm/K,false,POPULATE,Manufacturer catalog/family evidence; exact lifecycle flag not independently established,https://www.yageo.com/en/Product/Index/chip-resistors,design/POWER_STAGE.md,,YAGEO selected-family order coding and preferred value checked; individual stock unverified,false,unverified_at_build,,05_pc_and_5v_efuses,engineering_review_not_order_release
R27,1,1,each,RT0805BRD07732KL,YAGEO,Resistor_SMD:R_0805_2012Metric,732K 0.1% 25ppm/K,732K 0.1% 25ppm/K,false,POPULATE,Manufacturer catalog/family evidence; exact lifecycle flag not independently established,https://www.yageo.com/en/Product/Index/chip-resistors,design/POWER_STAGE.md,,YAGEO selected-family order coding and preferred value checked; individual stock unverified,false,unverified_at_build,,02_main_switch_lm74930,engineering_review_not_order_release
R50,1,1,each,RT0805BRD079K09L,YAGEO,Resistor_SMD:R_0805_2012Metric,9K09 0.1% 25ppm/K,9K09 0.1% 25ppm/K,false,POPULATE,Manufacturer catalog/family evidence; exact lifecycle flag not independently established,https://www.yageo.com/en/Product/Index/chip-resistors,design/POWER_STAGE.md,,YAGEO selected-family order coding and preferred value checked; individual stock unverified,false,unverified_at_build,,05_pc_and_5v_efuses,engineering_review_not_order_release
D60; D61,2,2,each,SMCJ43A,Littelfuse,Diode_SMD:D_SMC,43V drain spike clamp; 43V standoff TVS 1500W,43V drain spike clamp; 43V standoff TVS 1500W,false,POPULATE,Manufacturer catalog/family evidence; exact lifecycle flag not independently established,https://www.littelfuse.com/~/media/electronics/datasheets/tvs_diodes/littelfuse_tvs_diode_smcj_datasheet.pdf.pdf,design/CHOPPER_PROCUREMENT.md,,Preserved exact source-record MPN; manufacturer evidence linked; supplier stock unverified,false,unverified_at_build,Pin1 cathode.; Pin1 cathode. Clamp69.4V at21.7A per10/1000us rating; not a braking resistor; local motion bus only.,04_brake_chopper_p1,engineering_review_not_order_release
U14,1,1,each,SN74AHCT1G125DBVR,Texas Instruments,Package_TO_SOT_SMD:SOT-23-5,SN74AHCT1G125DBVR,SN74AHCT1G125DBVR,false,POPULATE,Active/production manufacturer listing; recheck at order [source-record observation],https://www.ti.com/lit/ds/symlink/sn74ahct1g125.pdf,design/WAKE_IO.md,,Preserved exact source-record MPN; manufacturer evidence linked; supplier stock unverified,false,unverified_at_build,OE pulled to5V;BSS138BK enables only after switched supervisor good. Data330ohm source resistor.,08_can_led_io,engineering_review_not_order_release
U25; U28; U29; U50; U54; U57; U63,7,7,each,SN74LVC1G11DBVR,Texas Instruments,Package_TO_SOT_SMD:SOT-23-6,SN74LVC1G11DBVR,SN74LVC1G11DBVR,false,POPULATE,Active/production manufacturer listing; recheck at order [source-record observation]; Active/production; verifyatorder [source-record observation],https://www.ti.com/lit/ds/symlink/sn74lvc1g11.pdf,design/WAKE_IO.md,,Preserved exact source-record MPN; manufacturer evidence linked; supplier stock unverified,false,unverified_at_build,Undelayed WAKE_RAW_EN makes mainlatchclear dominate onshutdown even whileRCdischarges; avoids /PRE=/CLR=0.,06a_aon_wake_p1; 06b_motion_latches,engineering_review_not_order_release
U20; U53; U56; U59,4,4,each,SN74LVC1G14DBVR,Texas Instruments,Package_TO_SOT_SMD:SOT-23-5,SN74LVC1G14DBVR,SN74LVC1G14DBVR,false,POPULATE,Active/production manufacturer listing; recheck at order [source-record observation],https://www.ti.com/lit/ds/symlink/sn74lvc1g14.pdf,design/WAKE_IO.md,,Preserved exact source-record MPN; manufacturer evidence linked; supplier stock unverified,false,unverified_at_build,,06a_aon_wake_p1,engineering_review_not_order_release
U61; U62; U64,3,3,each,SN74LVC1G17DBVR,Texas Instruments,Package_TO_SOT_SMD:SOT-23-5,SN74LVC1G17DBVR,SN74LVC1G17DBVR,false,POPULATE,Active [source-record observation]; Active/production; verifyatorder [source-record observation]; Manufacturer active/production; verify before order [source-record observation],https://www.ti.com/lit/ds/symlink/sn74lvc1g17.pdf,design/WAKE_IO.md,,Preserved exact source-record MPN; manufacturer evidence linked; supplier stock unverified,false,unverified_at_build,"Schmitt input;100k pulldown forces low with external input unpowered/open.; SchmittRC startup blank, R4.7k*C1uF. Native LM OCP/SCP alreadylatched; persistentUV/OVcapturedwhenblankends.; Singlehigh-impedance load on47k LTCENpullup; bufferedoutput ensures LTC6993 VIH0.7VCC andlatchfanout.",06a_aon_wake_p1; 06c_esp32_p1,engineering_review_not_order_release
U22; U58,2,2,each,SN74LVC1G32DBVR,Texas Instruments,Package_TO_SOT_SMD:SOT-23-5,SN74LVC1G32DBVR,SN74LVC1G32DBVR,false,POPULATE,Active/production manufacturer listing; recheck at order [source-record observation],https://www.ti.com/lit/ds/symlink/sn74lvc1g32.pdf,design/WAKE_IO.md,,Preserved exact source-record MPN; manufacturer evidence linked; supplier stock unverified,false,unverified_at_build,,06a_aon_wake_p1,engineering_review_not_order_release
U18; U23; U27; U55,4,4,each,SN74LVC1G74DCUR,Texas Instruments,Package_SO:VSSOP-8_2.3x2mm_P0.5mm,SN74LVC1G74DCUR,SN74LVC1G74DCUR,false,POPULATE,Active/production manufacturer listing; recheck at order [source-record observation],https://www.ti.com/lit/ds/symlink/sn74lvc1g74.pdf,design/WAKE_IO.md,,Preserved exact source-record MPN; manufacturer evidence linked; supplier stock unverified,false,unverified_at_build,"Async main-fault latch. Clears only after LTC raw enable returns low. Main input faults or brownout after3V3 has been good latch it.; Asynchronous release-to-arm. PRE_N only low when physical button released AND AON supervisor good. Held button at reconnect cannot arm.; Only deliberate MCU rising reset edge arms; any fault or removed permission asynchronously clears. Restart never restores motion.; Remembers successful switched3V3 supervisor release. Later rail loss is latched main fault, including within startup grant.",06a_aon_wake_p1; 06b_motion_latches,engineering_review_not_order_release
U19; U24,2,2,each,SN74LVC2G00DCUR,Texas Instruments,Package_SO:VSSOP-8_2.3x2mm_P0.5mm,SN74LVC2G00DCUR,SN74LVC2G00DCUR,false,POPULATE,Active/production manufacturer listing; recheck at order [source-record observation],https://www.ti.com/lit/ds/symlink/sn74lvc2g00.pdf,design/WAKE_IO.md,,Preserved exact source-record MPN; manufacturer evidence linked; supplier stock unverified,false,unverified_at_build,Gate1 arms on release; gate2 presents active-low PB only when armed.; Main FLT capture enabled1–5.5ms after rawwakeEN to avoid undefined FLT inEN=0; nativeLM protections alwaysactive. Unusedgateinputsgrounded.,06a_aon_wake_p1,engineering_review_not_order_release
U13,1,1,each,TCAN1042HGVDRQ1,Texas Instruments,Package_SO:SOIC-8_3.9x4.9mm_P1.27mm,TCAN1042HGVDRQ1,CAN;5V VCC and3.3V VIO; requires powered-off isolation as drawn,false,POPULATE,Active/production manufacturer listing; recheck at order [source-record observation],https://www.ti.com/lit/ds/symlink/tcan1042h-q1.pdf,design/WAKE_IO.md,,Preserved exact source-record MPN; manufacturer evidence linked; supplier stock unverified,false,unverified_at_build,"VIO variant essential. 70V bus fault, high impedance unpowered. STB pullup holds standby until configured.",08_can_led_io,engineering_review_not_order_release
U12,1,1,each,TLV1117LV33DCYR,Texas Instruments,Package_TO_SOT_SMD:SOT-223-3_TabPin2,TLV1117LV33DCYR,3.3V output;1A IC class;5.5V recommended input maximum; board thermal allowance differs,false,POPULATE,Active/production manufacturer listing; recheck at order [source-record observation],https://www.ti.com/lit/ds/symlink/tlv1117lv.pdf,design/WAKE_IO.md,,Preserved exact source-record MPN; manufacturer evidence linked; supplier stock unverified,false,unverified_at_build,3.3V1A. Large3V3 copper at output tab. 0.5A budget dissipates0.85W; nominal thetaJA62.9C/W =>53.5C rise.,06c_esp32_p1,engineering_review_not_order_release
U5,1,1,each,TLV3011BIDBVR,Texas Instruments,Package_TO_SOT_SMD:SOT-23-6,Latched motion SYS undervoltage detector,1.65..5.5V supply; integrated1.242V reference; open-drain; B version required,false,POPULATE,Active/Production in reviewed manufacturer ordering evidence; recheck at order,https://www.ti.com/lit/ds/symlink/tlv3011.pdf,design/POWER_STAGE.md,,Preserved exact source-record MPN; manufacturer evidence linked; supplier stock unverified,false,unverified_at_build,"B version required: integrated reference,2..8mV internal hysteresis,fail-safe input. Open-drain OUT wired-OR with U2 FLT_I and existing wake10k pullup. POR output is high-Z; externalmotionlatch starts unarmed. NativeTPS EN falling threshold26.2V is backed by independent~29V latched UV. No RC sense delay.",03_motion_gate_tps48110,engineering_review_not_order_release
U60; U65,2,2,each,TMUX1511PWR,Texas Instruments,Package_SO:TSSOP-14_4.4x5mm_P0.65mm,TMUX1511PWR,TMUX1511PWR,false,POPULATE,Active [source-record observation]; Manufacturer active/production; verify before order [source-record observation],https://www.ti.com/lit/ds/symlink/tmux1511.pdf,design/WAKE_IO.md,,Preserved exact source-record MPN; manufacturer evidence linked; supplier stock unverified,false,unverified_at_build,"Channels isolate lingering high-voltage-bus dividers, IMON, and AON fault from unpowered MCU. Sources must stay0..3.6V during poweroff.; Prevents connected3.3V UARTprogrammer fromback-powering ESP whileoff. Two unusedchannels disabled with theirsignalpadsNC.",06c_esp32_p1,engineering_review_not_order_release
R315; R317; R329; R330,4,4,each,TNPW0805100KBEEA,Vishay,Resistor_SMD:R_0805_2012Metric,100k 0.1%,100k 0.1%,false,POPULATE,Manufacturer catalog/family evidence; exact lifecycle flag not independently established,https://www.vishay.com/docs/28758/tnpw_e3.pdf,design/CHOPPER_PROCUREMENT.md,,Vishay family coding/range reviewed in CHOPPER_PROCUREMENT.md; individual stock unverified,false,unverified_at_build,,04_brake_chopper_p2,engineering_review_not_order_release
R301; R304; R307; R309; R310; R311; R313; R316; R318; R324; R327,11,11,each,TNPW080510K0BEEA,Vishay,Resistor_SMD:R_0805_2012Metric,10.0k 0.1%,10.0k 0.1%,false,POPULATE,Manufacturer catalog/family evidence; exact lifecycle flag not independently established,https://www.vishay.com/docs/28758/tnpw_e3.pdf,design/CHOPPER_PROCUREMENT.md,,Vishay family coding/range reviewed in CHOPPER_PROCUREMENT.md; individual stock unverified,false,unverified_at_build,,04_brake_chopper_p1; 04_brake_chopper_p2,engineering_review_not_order_release
R319,1,1,each,TNPW080510R0BEEA,Vishay,Resistor_SMD:R_0805_2012Metric,10.0 0.1%,10.0 0.1%,false,POPULATE,Manufacturer catalog/family evidence; exact lifecycle flag not independently established,https://www.vishay.com/docs/28758/tnpw_e3.pdf,design/CHOPPER_PROCUREMENT.md,,Vishay family coding/range reviewed in CHOPPER_PROCUREMENT.md; individual stock unverified,false,unverified_at_build,,04_brake_chopper_p2,engineering_review_not_order_release
R325,1,1,each,TNPW0805117KBEEA,Vishay,Resistor_SMD:R_0805_2012Metric,117k 0.1%,117k 0.1%,false,POPULATE,Manufacturer catalog/family evidence; exact lifecycle flag not independently established,https://www.vishay.com/docs/28758/tnpw_e3.pdf,design/CHOPPER_PROCUREMENT.md,,Vishay family coding/range reviewed in CHOPPER_PROCUREMENT.md; individual stock unverified,false,unverified_at_build,,04_brake_chopper_p2,engineering_review_not_order_release
R302,1,1,each,TNPW0805160KBEEA,Vishay,Resistor_SMD:R_0805_2012Metric,160k 0.1%,160k 0.1%,false,POPULATE,Manufacturer catalog/family evidence; exact lifecycle flag not independently established,https://www.vishay.com/docs/28758/tnpw_e3.pdf,design/CHOPPER_PROCUREMENT.md,,Vishay family coding/range reviewed in CHOPPER_PROCUREMENT.md; individual stock unverified,false,unverified_at_build,,04_brake_chopper_p1,engineering_review_not_order_release
R308,1,1,each,TNPW0805174KBEEA,Vishay,Resistor_SMD:R_0805_2012Metric,174k 0.1%,174k 0.1%,false,POPULATE,Manufacturer catalog/family evidence; exact lifecycle flag not independently established,https://www.vishay.com/docs/28758/tnpw_e3.pdf,design/CHOPPER_PROCUREMENT.md,,Vishay family coding/range reviewed in CHOPPER_PROCUREMENT.md; individual stock unverified,false,unverified_at_build,,04_brake_chopper_p2,engineering_review_not_order_release
R314; R328,2,2,each,TNPW08051K00BEEA,Vishay,Resistor_SMD:R_0805_2012Metric,1.00k 0.1%,1.00k 0.1%,false,POPULATE,Manufacturer catalog/family evidence; exact lifecycle flag not independently established,https://www.vishay.com/docs/28758/tnpw_e3.pdf,design/CHOPPER_PROCUREMENT.md,,Vishay family coding/range reviewed in CHOPPER_PROCUREMENT.md; individual stock unverified,false,unverified_at_build,,04_brake_chopper_p2,engineering_review_not_order_release
R303,1,1,each,TNPW08051K40BEEA,Vishay,Resistor_SMD:R_0805_2012Metric,1.40k 0.1%,1.40k 0.1%,false,POPULATE,Manufacturer catalog/family evidence; exact lifecycle flag not independently established,https://www.vishay.com/docs/28758/tnpw_e3.pdf,design/CHOPPER_PROCUREMENT.md,,Vishay family coding/range reviewed in CHOPPER_PROCUREMENT.md; individual stock unverified,false,unverified_at_build,,04_brake_chopper_p1,engineering_review_not_order_release
R305; R306,2,2,each,TNPW08051M00BEEA,Vishay,Resistor_SMD:R_0805_2012Metric,1.00M 0.1%,1.00M 0.1%,false,POPULATE,Manufacturer catalog/family evidence; exact lifecycle flag not independently established,https://www.vishay.com/docs/28758/tnpw_e3.pdf,design/CHOPPER_PROCUREMENT.md,,Vishay family coding/range reviewed in CHOPPER_PROCUREMENT.md; individual stock unverified,false,unverified_at_build,,04_brake_chopper_p1,engineering_review_not_order_release
R326,1,1,each,TNPW080524K9BEEA,Vishay,Resistor_SMD:R_0805_2012Metric,24.9k 0.1%,24.9k 0.1%,false,POPULATE,Manufacturer catalog/family evidence; exact lifecycle flag not independently established,https://www.vishay.com/docs/28758/tnpw_e3.pdf,design/CHOPPER_PROCUREMENT.md,,Vishay family coding/range reviewed in CHOPPER_PROCUREMENT.md; individual stock unverified,false,unverified_at_build,,04_brake_chopper_p2,engineering_review_not_order_release
R320,1,1,each,TNPW08052R20FEEA,Vishay,Resistor_SMD:R_0805_2012Metric,2.20 1%,2.20 1%,false,POPULATE,Manufacturer catalog/family evidence; exact lifecycle flag not independently established,https://www.vishay.com/docs/28758/tnpw_e3.pdf,design/CHOPPER_PROCUREMENT.md,,Vishay family coding/range reviewed in CHOPPER_PROCUREMENT.md; individual stock unverified,false,unverified_at_build,TNPW0805 precision0.1% range starts at3.5ohm; this gate resistor uses supported1% grade.,04_brake_chopper_p2,engineering_review_not_order_release
R321,1,1,each,TNPW080547K0BEEA,Vishay,Resistor_SMD:R_0805_2012Metric,47.0k 0.1%,47.0k 0.1%,false,POPULATE,Manufacturer catalog/family evidence; exact lifecycle flag not independently established,https://www.vishay.com/docs/28758/tnpw_e3.pdf,design/CHOPPER_PROCUREMENT.md,,Vishay family coding/range reviewed in CHOPPER_PROCUREMENT.md; individual stock unverified,false,unverified_at_build,,04_brake_chopper_p2,engineering_review_not_order_release
R322; R323,2,2,each,TNPW08054K70BEEA,Vishay,Resistor_SMD:R_0805_2012Metric,4.70k 0.1%,4.70k 0.1%,false,POPULATE,Manufacturer catalog/family evidence; exact lifecycle flag not independently established,https://www.vishay.com/docs/28758/tnpw_e3.pdf,design/CHOPPER_PROCUREMENT.md,,Vishay family coding/range reviewed in CHOPPER_PROCUREMENT.md; individual stock unverified,false,unverified_at_build,,04_brake_chopper_p2,engineering_review_not_order_release
R331,1,1,each,TNPW0805690KBEEA,Vishay,Resistor_SMD:R_0805_2012Metric,690k 0.1%,690k 0.1%,false,POPULATE,Manufacturer catalog/family evidence; exact lifecycle flag not independently established,https://www.vishay.com/docs/28758/tnpw_e3.pdf,design/CHOPPER_PROCUREMENT.md,,Vishay family coding/range reviewed in CHOPPER_PROCUREMENT.md; individual stock unverified,false,unverified_at_build,,04_brake_chopper_p2,engineering_review_not_order_release
R300,1,1,each,TNPW080575K0BEEA,Vishay,Resistor_SMD:R_0805_2012Metric,75.0k 0.1%,75.0k 0.1%,false,POPULATE,Manufacturer catalog/family evidence; exact lifecycle flag not independently established,https://www.vishay.com/docs/28758/tnpw_e3.pdf,design/CHOPPER_PROCUREMENT.md,,Vishay family coding/range reviewed in CHOPPER_PROCUREMENT.md; individual stock unverified,false,unverified_at_build,,04_brake_chopper_p1,engineering_review_not_order_release
R312,1,1,each,TNPW080590K9BEEA,Vishay,Resistor_SMD:R_0805_2012Metric,90.9k 0.1%,90.9k 0.1%,false,POPULATE,Manufacturer catalog/family evidence; exact lifecycle flag not independently established,https://www.vishay.com/docs/28758/tnpw_e3.pdf,design/CHOPPER_PROCUREMENT.md,,Vishay family coding/range reviewed in CHOPPER_PROCUREMENT.md; individual stock unverified,false,unverified_at_build,,04_brake_chopper_p2,engineering_review_not_order_release
R332,1,1,each,TNPW120622K0FEEA,Vishay,Resistor_SMD:R_1206_3216Metric,22.0k1% motion-bulk discharge,22.0k1% motion-bulk discharge,false,POPULATE,Manufacturer catalog/family evidence; exact lifecycle flag not independently established,https://www.vishay.com/docs/28758/tnpw_e3.pdf,design/CHOPPER_PROCUREMENT.md,,Vishay family coding/range reviewed in CHOPPER_PROCUREMENT.md; individual stock unverified,false,unverified_at_build,"0.52W family P70 maximum;0.096W at46V. With1128uF and+1%R,42Vto5V<54s;measure bus before service.",04_brake_chopper_p2,engineering_review_not_order_release
U3; U4,2,2,each,TPS26631RGER,Texas Instruments,Package_DFN_QFN:Texas_RGE0024H_VQFN-24-1EP_4x4mm_P0.5mm_EP2.7x2.7mm,TPS26631 eFuse latch-off,4.5..60V operating;67V absolute maximum;0.6..6A programmable; MODE floating latch-off,false,POPULATE,Active/Production in reviewed manufacturer ordering evidence; recheck at order,https://www.ti.com/lit/ds/symlink/tps2663.pdf,design/POWER_STAGE.md,"{""alternative_mpn"": ""TPS26631RGET"", ""class"": ""same_silicon_packaging_alternative"", ""electrical_compatibility_verified"": true, ""packaging"": ""250piece smallreel instead of3000piece largereel"", ""same_source"": true, ""selected_mpn"": ""TPS26631RGER"", ""source_url"": ""https://www.ti.com/product/TPS2663/part-details/TPS26631RGET""}",Preserved exact source-record MPN; manufacturer evidence linked; supplier stock unverified,false,unverified_at_build,MODE MUST float for latch-off; GND would select auto-retry. TPS26631 supports2x overload pulses; neither branch precisely enforces65W. Passive divider powersSHDN enable directly fromSYS_BUS; deliberate main power cycle resets eFuse latch. OUT17isERCpower_out; internallycommonOUT18ispassive toavoidself-conflictingstackedoutputwithoutmaskingcross-ICoutputcontention.,05_pc_and_5v_efuses,engineering_review_not_order_release
U51,1,1,each,TPS3431SDRBR,Texas Instruments,PMU:TI_DRB0008A_3x3mm_EP1.5x1.75,TPS3431SDRBR,TPS3431SDRBR,false,POPULATE,Active/production manufacturer listing; recheck at order [source-record observation],https://www.ti.com/lit/ds/symlink/tps3431.pdf,design/WAKE_IO.md,,Preserved exact source-record MPN; manufacturer evidence linked; supplier stock unverified,false,unverified_at_build,"CWD truly NC selects1.6s nominal (1.36–1.84s) with SET1 high. WDO asynchronously clears motion latch; no autonomous re-arm. Do not service WDI from an independent peripheral. Specific DRB0008A exposedpad1.5x1.75mm, not generic DRB1.65x2.4.",06b_motion_latches,engineering_review_not_order_release
U36,1,1,each,TPS3808G01DBVR,Texas Instruments,Package_TO_SOT_SMD:SOT-23-6,Reference qualification 12..28ms,Reference qualification 12..28ms,false,POPULATE,Active/Production in reviewed manufacturer ordering evidence; recheck at order,https://www.ti.com/lit/ds/symlink/tps3808.pdf,design/CHOPPER_PROCUREMENT.md,"{""alternative_mpn"": ""TPS3808G01DBVT"", ""automatic_substitution_approved"": true, ""classification"": ""same_silicon_packaging_alternative"", ""evidence_document"": ""design/CHOPPER_PROCUREMENT.md"", ""notes"": ""Smaller reel; retain adjustable G01 threshold"", ""same_source"": true}",Preserved exact source-record MPN; manufacturer evidence linked; supplier stock unverified,false,unverified_at_build,"SENSE threshold nominal0.405V; RESET_n1,SENSE5. CT4 left open gives20ms nominal,12..28ms. No firmware required.",04_brake_chopper_p1,engineering_review_not_order_release
U17; U26,2,2,each,TPS3839G33DBZR,Texas Instruments,Package_TO_SOT_SMD:SOT-23,TPS3839G33DBZR,TPS3839G33DBZR,false,POPULATE,Active/production manufacturer listing; recheck at order [source-record observation],https://www.ti.com/lit/ds/symlink/tps3839.pdf,design/WAKE_IO.md,,Preserved exact source-record MPN; manufacturer evidence linked; supplier stock unverified,false,unverified_at_build,"3.08V threshold,200ms nominal reset-release delay; push-pull output, no wired-OR.",06a_aon_wake_p1; 06c_esp32_p1,engineering_review_not_order_release
U2,1,1,each,TPS48110AQDGXRQ1,Texas Instruments,PMU_RevA:VSSOP_DGX19_3x5.1_P0.5_Missing16,TPS48110-Q1,3.5..80V operating;100V absolute maximum; physical16 absent; remote temperature140..160C,false,POPULATE,Active/Production in reviewed manufacturer ordering evidence; recheck at order,https://www.ti.com/lit/ds/symlink/tps4811-q1.pdf,design/POWER_STAGE.md,"{""alternative_mpn"": ""TPS48110AQDGXRQ1.A"", ""class"": ""manufacturer_identical_alias"", ""electrical_compatibility_verified"": true, ""independently_orderable_at_manufacturer"": false, ""instruction"": ""TI directs ordering canonical TPS48110AQDGXRQ1; exact same IC and19pinDGX package"", ""same_source"": true, ""selected_mpn"": ""TPS48110AQDGXRQ1"", ""source_url"": ""https://www.ti.com/product/TPS4811-Q1/part-details/TPS48110AQDGXRQ1""}",Preserved exact source-record MPN; manufacturer evidence linked; supplier stock unverified,false,unverified_at_build,Physical pin16 absent. Pin11 no-connect. External fault latch must capture both FLT_I and FLT_T; native thermal behavior retries after512ms. OV grounded: external chopper46V comparator supplies latched OV inhibit. IMON combined load including wake100k ADC pulldown provides0.627906V at60A; unloaded interface0.675V.,03_motion_gate_tps48110,engineering_review_not_order_release
U30,1,1,each,TPS7A4001DGNR,Texas Instruments,Package_SO:Texas_DGN0008B_VSSOP-8-1EP_3x3mm_P0.65mm_EP2x3mm_Mask1.88x1.98mm_ThermalVias,"100V LDO, nominal 10V","100V LDO, nominal 10V",false,POPULATE,Active/Production in reviewed manufacturer ordering evidence; recheck at order,https://www.ti.com/lit/ds/symlink/tps7a4001.pdf,design/CHOPPER_PROCUREMENT.md,"{""alternative_mpn"": ""TPS7A4001DGNT"", ""automatic_substitution_approved"": true, ""classification"": ""same_silicon_packaging_alternative"", ""evidence_document"": ""design/CHOPPER_PROCUREMENT.md"", ""notes"": ""Smaller reel; same DGN package"", ""same_source"": true}",Preserved exact source-record MPN; manufacturer evidence linked; supplier stock unverified,false,unverified_at_build,Pins3/6/7 unconnected. EP internally ground. Motion-bus supply independent of ESP. Datasheet package appendix DGN0008B: exposed mask1.88x1.98mm; matched official KiCad DGN0008B footprint.,04_brake_chopper_p1,engineering_review_not_order_release
J20,1,1,each,TSW-102-07-G-S,Samtec,Connector_PinHeader_2.54mm:PinHeader_1x02_P2.54mm_Vertical,TSW-102-07-G-S,TSW-102-07-G-S,false,POPULATE,Manufacturer active/production; verify before order [source-record observation],https://www.samtec.com/products/tsw,design/WAKE_IO.md,,Preserved exact source-record MPN; manufacturer evidence linked; supplier stock unverified,false,unverified_at_build,Externalmomentarypowerbutton drynormallyopen; noilluminationfeed.,06a_aon_wake_p2,engineering_review_not_order_release
J22; J23,2,2,each,TSW-103-07-G-S,Samtec,Connector_PinHeader_2.54mm:PinHeader_1x03_P2.54mm_Vertical,TSW-103-07-G-S,TSW-103-07-G-S,false,POPULATE,Manufacturer active/production; verify before order [source-record observation],https://www.samtec.com/products/tsw,design/WAKE_IO.md,,Preserved exact source-record MPN; manufacturer evidence linked; supplier stock unverified,false,unverified_at_build,"Hardwarepermission: externaldeenergized-openrelaycontactbetween1and2. External3.3V sourcepermitted on2 withreturn3; opening/unpoweredlowclearslatch. Nojumperduringactuatortesting.; I2Ctest only, noexternalpower.",06c_esp32_p1; 08_can_led_io,engineering_review_not_order_release
J21,1,1,each,TSW-105-07-G-S,Samtec,Connector_PinHeader_2.54mm:PinHeader_1x05_P2.54mm_Vertical,TSW-105-07-G-S,TSW-105-07-G-S,false,POPULATE,Manufacturer active/production; verify before order [source-record observation],https://www.samtec.com/products/tsw,design/WAKE_IO.md,,Preserved exact source-record MPN; manufacturer evidence linked; supplier stock unverified,false,unverified_at_build,3.3V UART recovery through U65 powered-off isolation; never5V UART. No5V/3V3 supplyfeed. Bootandresetare dry switches toGND.,06c_esp32_p1,engineering_review_not_order_release
U33,1,1,each,UCC27511DBVR,Texas Instruments,Package_TO_SOT_SMD:SOT-23-6,4A source/8A sink driver,4A source/8A sink driver,false,POPULATE,Active/Production in reviewed manufacturer ordering evidence; recheck at order,https://www.ti.com/lit/ds/symlink/ucc27511.pdf,design/CHOPPER_PROCUREMENT.md,"{""alternative_mpn"": ""UCC27511DBVT"", ""automatic_substitution_approved"": true, ""classification"": ""same_silicon_packaging_alternative"", ""evidence_document"": ""design/CHOPPER_PROCUREMENT.md"", ""notes"": ""Smaller reel; same DBV package"", ""same_source"": true}",Preserved exact source-record MPN; manufacturer evidence linked; supplier stock unverified,false,unverified_at_build,,04_brake_chopper_p1,engineering_review_not_order_release
U34; U35,2,2,each,VOS618A-3T,Vishay,Package_SO:SSOP-4_4.4x2.6mm_P1.27mm,Isolated analog fault; Isolated chopper active,Isolated analog fault; Isolated chopper active,false,POPULATE,Manufacturer catalog/family evidence; exact lifecycle flag not independently established,https://www.vishay.com/docs/83465/vos618a.pdf,design/CHOPPER_PROCUREMENT.md,,Preserved exact source-record MPN; manufacturer evidence linked; supplier stock unverified,false,unverified_at_build,A1 K2 E3 C4. OV or NTC fault activates LED and low fault. Unpowered is released.,04_brake_chopper_p1,engineering_review_not_order_release
